2023-01-31 10:39:30,875 [Worker-5: Loading available Gradle versions] INFO  o.e.b.c.i.u.g.PublishedGradleVersions - Gradle version information cache is up-to-date. Trying to read.
2023-01-31 22:50:07,785 [Worker-6: Loading available Gradle versions] INFO  o.e.b.c.i.u.g.PublishedGradleVersions - Gradle version information cache is out-of-date. Trying to update.
2023-01-31 22:50:28,842 [Worker-5: Loading available Gradle versions] INFO  o.e.b.c.i.u.g.PublishedGradleVersions - Gradle version information cache is up-to-date. Trying to read.
2023-02-01 02:32:07,985 [Worker-123: Creating project "HTTPServlet_Maven"] INFO  o.e.m.c.i.l.LifecycleMappingFactory - Using org.eclipse.m2e.jdt.JarLifecycleMapping lifecycle mapping for MavenProject: com.niet:HTTPServlet_Maven:0.0.1-SNAPSHOT @ C:\Users\aarav\eclipse-workspace\Assignments\HTTPServlet_Maven\pom.xml.
2023-02-01 02:32:08,248 [Worker-123: Creating project "HTTPServlet_Maven"] INFO  o.e.m.j.i.AbstractJavaProjectConfigurator - Adding source folder /HTTPServlet_Maven/src/main/java
2023-02-01 02:32:08,249 [Worker-123: Creating project "HTTPServlet_Maven"] INFO  o.e.m.j.i.AbstractJavaProjectConfigurator - Adding resource folder /HTTPServlet_Maven/src/main/resources
2023-02-01 02:32:08,250 [Worker-123: Creating project "HTTPServlet_Maven"] INFO  o.e.m.j.i.AbstractJavaProjectConfigurator - Adding source folder /HTTPServlet_Maven/src/test/java
2023-02-01 02:32:08,250 [Worker-123: Creating project "HTTPServlet_Maven"] INFO  o.e.m.j.i.AbstractJavaProjectConfigurator - Adding resource folder /HTTPServlet_Maven/src/test/resources
2023-02-01 02:33:52,867 [Worker-124: Updating Maven Dependencies] INFO  o.e.m.c.i.e.AbstractTransferListenerAdapter - Downloading https://repo.maven.apache.org/maven2/org/apache/maven/plugins/maven-compiler-plugin/3.7.0/maven-compiler-plugin-3.7.0.jar
2023-02-01 02:33:53,214 [Worker-124: Updating Maven Dependencies] INFO  o.e.m.c.i.e.AbstractTransferListenerAdapter - Downloaded https://repo.maven.apache.org/maven2/org/apache/maven/plugins/maven-compiler-plugin/3.7.0/maven-compiler-plugin-3.7.0.jar
2023-02-01 02:33:53,412 [Worker-124: Updating Maven Dependencies] INFO  o.e.m.c.i.e.AbstractTransferListenerAdapter - Downloading https://repo.maven.apache.org/maven2/org/apache/maven/plugins/maven-war-plugin/3.2.1/maven-war-plugin-3.2.1.jar
2023-02-01 02:33:53,643 [Worker-124: Updating Maven Dependencies] INFO  o.e.m.c.i.e.AbstractTransferListenerAdapter - Downloaded https://repo.maven.apache.org/maven2/org/apache/maven/plugins/maven-war-plugin/3.2.1/maven-war-plugin-3.2.1.jar
2023-02-01 02:33:53,846 [Worker-124: Updating Maven Dependencies] INFO  o.e.m.c.i.e.AbstractTransferListenerAdapter - Downloading https://repo.maven.apache.org/maven2/org/apache/maven/plugins/maven-compiler-plugin/3.7.0/maven-compiler-plugin-3.7.0.pom
2023-02-01 02:33:54,018 [Worker-124: Updating Maven Dependencies] INFO  o.e.m.c.i.e.AbstractTransferListenerAdapter - Downloaded https://repo.maven.apache.org/maven2/org/apache/maven/plugins/maven-compiler-plugin/3.7.0/maven-compiler-plugin-3.7.0.pom
2023-02-01 02:33:54,191 [Worker-124: Updating Maven Dependencies] INFO  o.e.m.c.i.e.AbstractTransferListenerAdapter - Downloading https://repo.maven.apache.org/maven2/org/apache/maven/plugins/maven-plugins/30/maven-plugins-30.pom
2023-02-01 02:33:54,361 [Worker-124: Updating Maven Dependencies] INFO  o.e.m.c.i.e.AbstractTransferListenerAdapter - Downloaded https://repo.maven.apache.org/maven2/org/apache/maven/plugins/maven-plugins/30/maven-plugins-30.pom
2023-02-01 02:33:54,547 [Worker-124: Updating Maven Dependencies] INFO  o.e.m.c.i.e.AbstractTransferListenerAdapter - Downloading https://repo.maven.apache.org/maven2/org/codehaus/plexus/plexus-utils/2.0.4/plexus-utils-2.0.4.pom
2023-02-01 02:33:54,741 [Worker-124: Updating Maven Dependencies] INFO  o.e.m.c.i.e.AbstractTransferListenerAdapter - Downloaded https://repo.maven.apache.org/maven2/org/codehaus/plexus/plexus-utils/2.0.4/plexus-utils-2.0.4.pom
2023-02-01 02:33:54,919 [Worker-124: Updating Maven Dependencies] INFO  o.e.m.c.i.e.AbstractTransferListenerAdapter - Downloading https://repo.maven.apache.org/maven2/org/codehaus/plexus/plexus-component-annotations/1.6/plexus-component-annotations-1.6.pom
2023-02-01 02:33:55,109 [Worker-124: Updating Maven Dependencies] INFO  o.e.m.c.i.e.AbstractTransferListenerAdapter - Downloaded https://repo.maven.apache.org/maven2/org/codehaus/plexus/plexus-component-annotations/1.6/plexus-component-annotations-1.6.pom
2023-02-01 02:33:55,276 [Worker-124: Updating Maven Dependencies] INFO  o.e.m.c.i.e.AbstractTransferListenerAdapter - Downloading https://repo.maven.apache.org/maven2/org/codehaus/plexus/plexus-containers/1.6/plexus-containers-1.6.pom
2023-02-01 02:33:55,469 [Worker-124: Updating Maven Dependencies] INFO  o.e.m.c.i.e.AbstractTransferListenerAdapter - Downloaded https://repo.maven.apache.org/maven2/org/codehaus/plexus/plexus-containers/1.6/plexus-containers-1.6.pom
2023-02-01 02:33:55,640 [Worker-124: Updating Maven Dependencies] INFO  o.e.m.c.i.e.AbstractTransferListenerAdapter - Downloading https://repo.maven.apache.org/maven2/org/codehaus/plexus/plexus/3.3.2/plexus-3.3.2.pom
2023-02-01 02:33:55,818 [Worker-124: Updating Maven Dependencies] INFO  o.e.m.c.i.e.AbstractTransferListenerAdapter - Downloaded https://repo.maven.apache.org/maven2/org/codehaus/plexus/plexus/3.3.2/plexus-3.3.2.pom
2023-02-01 02:33:56,038 [Worker-124: Updating Maven Dependencies] INFO  o.e.m.c.i.e.AbstractTransferListenerAdapter - Downloading https://repo.maven.apache.org/maven2/commons-io/commons-io/2.5/commons-io-2.5.pom
2023-02-01 02:33:56,238 [Worker-124: Updating Maven Dependencies] INFO  o.e.m.c.i.e.AbstractTransferListenerAdapter - Downloaded https://repo.maven.apache.org/maven2/commons-io/commons-io/2.5/commons-io-2.5.pom
2023-02-01 02:33:56,456 [Worker-124: Updating Maven Dependencies] INFO  o.e.m.c.i.e.AbstractTransferListenerAdapter - Downloading https://repo.maven.apache.org/maven2/org/codehaus/plexus/plexus-java/0.9.2/plexus-java-0.9.2.pom
2023-02-01 02:33:56,635 [Worker-124: Updating Maven Dependencies] INFO  o.e.m.c.i.e.AbstractTransferListenerAdapter - Downloaded https://repo.maven.apache.org/maven2/org/codehaus/plexus/plexus-java/0.9.2/plexus-java-0.9.2.pom
2023-02-01 02:33:56,803 [Worker-124: Updating Maven Dependencies] INFO  o.e.m.c.i.e.AbstractTransferListenerAdapter - Downloading https://repo.maven.apache.org/maven2/org/codehaus/plexus/plexus-languages/0.9.2/plexus-languages-0.9.2.pom
2023-02-01 02:33:56,987 [Worker-124: Updating Maven Dependencies] INFO  o.e.m.c.i.e.AbstractTransferListenerAdapter - Downloaded https://repo.maven.apache.org/maven2/org/codehaus/plexus/plexus-languages/0.9.2/plexus-languages-0.9.2.pom
2023-02-01 02:33:57,154 [Worker-124: Updating Maven Dependencies] INFO  o.e.m.c.i.e.AbstractTransferListenerAdapter - Downloading https://repo.maven.apache.org/maven2/org/ow2/asm/asm/6.0_BETA/asm-6.0_BETA.pom
2023-02-01 02:33:57,344 [Worker-124: Updating Maven Dependencies] INFO  o.e.m.c.i.e.AbstractTransferListenerAdapter - Downloaded https://repo.maven.apache.org/maven2/org/ow2/asm/asm/6.0_BETA/asm-6.0_BETA.pom
2023-02-01 02:33:57,512 [Worker-124: Updating Maven Dependencies] INFO  o.e.m.c.i.e.AbstractTransferListenerAdapter - Downloading https://repo.maven.apache.org/maven2/org/ow2/asm/asm-parent/6.0_BETA/asm-parent-6.0_BETA.pom
2023-02-01 02:33:57,698 [Worker-124: Updating Maven Dependencies] INFO  o.e.m.c.i.e.AbstractTransferListenerAdapter - Downloaded https://repo.maven.apache.org/maven2/org/ow2/asm/asm-parent/6.0_BETA/asm-parent-6.0_BETA.pom
2023-02-01 02:33:57,865 [Worker-124: Updating Maven Dependencies] INFO  o.e.m.c.i.e.AbstractTransferListenerAdapter - Downloading https://repo.maven.apache.org/maven2/com/thoughtworks/qdox/qdox/2.0-M7/qdox-2.0-M7.pom
2023-02-01 02:33:58,048 [Worker-124: Updating Maven Dependencies] INFO  o.e.m.c.i.e.AbstractTransferListenerAdapter - Downloaded https://repo.maven.apache.org/maven2/com/thoughtworks/qdox/qdox/2.0-M7/qdox-2.0-M7.pom
2023-02-01 02:33:58,215 [Worker-124: Updating Maven Dependencies] INFO  o.e.m.c.i.e.AbstractTransferListenerAdapter - Downloading https://repo.maven.apache.org/maven2/org/sonatype/oss/oss-parent/9/oss-parent-9.pom
2023-02-01 02:33:58,391 [Worker-124: Updating Maven Dependencies] INFO  o.e.m.c.i.e.AbstractTransferListenerAdapter - Downloaded https://repo.maven.apache.org/maven2/org/sonatype/oss/oss-parent/9/oss-parent-9.pom
2023-02-01 02:33:58,557 [Worker-124: Updating Maven Dependencies] INFO  o.e.m.c.i.e.AbstractTransferListenerAdapter - Downloading https://repo.maven.apache.org/maven2/org/codehaus/plexus/plexus-compiler-api/2.8.2/plexus-compiler-api-2.8.2.pom
2023-02-01 02:33:58,742 [Worker-124: Updating Maven Dependencies] INFO  o.e.m.c.i.e.AbstractTransferListenerAdapter - Downloaded https://repo.maven.apache.org/maven2/org/codehaus/plexus/plexus-compiler-api/2.8.2/plexus-compiler-api-2.8.2.pom
2023-02-01 02:33:58,914 [Worker-124: Updating Maven Dependencies] INFO  o.e.m.c.i.e.AbstractTransferListenerAdapter - Downloading https://repo.maven.apache.org/maven2/org/codehaus/plexus/plexus-compiler/2.8.2/plexus-compiler-2.8.2.pom
2023-02-01 02:33:59,106 [Worker-124: Updating Maven Dependencies] INFO  o.e.m.c.i.e.AbstractTransferListenerAdapter - Downloaded https://repo.maven.apache.org/maven2/org/codehaus/plexus/plexus-compiler/2.8.2/plexus-compiler-2.8.2.pom
2023-02-01 02:33:59,275 [Worker-124: Updating Maven Dependencies] INFO  o.e.m.c.i.e.AbstractTransferListenerAdapter - Downloading https://repo.maven.apache.org/maven2/org/codehaus/plexus/plexus-utils/3.0.22/plexus-utils-3.0.22.pom
2023-02-01 02:33:59,465 [Worker-124: Updating Maven Dependencies] INFO  o.e.m.c.i.e.AbstractTransferListenerAdapter - Downloaded https://repo.maven.apache.org/maven2/org/codehaus/plexus/plexus-utils/3.0.22/plexus-utils-3.0.22.pom
2023-02-01 02:33:59,630 [Worker-124: Updating Maven Dependencies] INFO  o.e.m.c.i.e.AbstractTransferListenerAdapter - Downloading https://repo.maven.apache.org/maven2/org/codehaus/plexus/plexus-compiler-manager/2.8.2/plexus-compiler-manager-2.8.2.pom
2023-02-01 02:33:59,813 [Worker-124: Updating Maven Dependencies] INFO  o.e.m.c.i.e.AbstractTransferListenerAdapter - Downloaded https://repo.maven.apache.org/maven2/org/codehaus/plexus/plexus-compiler-manager/2.8.2/plexus-compiler-manager-2.8.2.pom
2023-02-01 02:33:59,977 [Worker-124: Updating Maven Dependencies] INFO  o.e.m.c.i.e.AbstractTransferListenerAdapter - Downloading https://repo.maven.apache.org/maven2/org/codehaus/plexus/plexus-compiler-javac/2.8.2/plexus-compiler-javac-2.8.2.pom
2023-02-01 02:34:00,154 [Worker-124: Updating Maven Dependencies] INFO  o.e.m.c.i.e.AbstractTransferListenerAdapter - Downloaded https://repo.maven.apache.org/maven2/org/codehaus/plexus/plexus-compiler-javac/2.8.2/plexus-compiler-javac-2.8.2.pom
2023-02-01 02:34:00,320 [Worker-124: Updating Maven Dependencies] INFO  o.e.m.c.i.e.AbstractTransferListenerAdapter - Downloading https://repo.maven.apache.org/maven2/org/codehaus/plexus/plexus-compilers/2.8.2/plexus-compilers-2.8.2.pom
2023-02-01 02:34:00,511 [Worker-124: Updating Maven Dependencies] INFO  o.e.m.c.i.e.AbstractTransferListenerAdapter - Downloaded https://repo.maven.apache.org/maven2/org/codehaus/plexus/plexus-compilers/2.8.2/plexus-compilers-2.8.2.pom
2023-02-01 02:34:00,692 [AetherRepositoryConnector-repo.maven.apache.org-0-1] INFO  o.e.m.c.i.e.AbstractTransferListenerAdapter - Downloading https://repo.maven.apache.org/maven2/org/apache/maven/maven-model/3.0/maven-model-3.0.jar
2023-02-01 02:34:00,849 [AetherRepositoryConnector-repo.maven.apache.org-0-0] INFO  o.e.m.c.i.e.AbstractTransferListenerAdapter - Downloading https://repo.maven.apache.org/maven2/org/apache/maven/maven-plugin-api/3.0/maven-plugin-api-3.0.jar
2023-02-01 02:34:00,867 [AetherRepositoryConnector-repo.maven.apache.org-0-3] INFO  o.e.m.c.i.e.AbstractTransferListenerAdapter - Downloading https://repo.maven.apache.org/maven2/org/codehaus/plexus/plexus-utils/2.0.4/plexus-utils-2.0.4.jar
2023-02-01 02:34:00,910 [AetherRepositoryConnector-repo.maven.apache.org-0-2] INFO  o.e.m.c.i.e.AbstractTransferListenerAdapter - Downloading https://repo.maven.apache.org/maven2/org/apache/maven/maven-artifact/3.0/maven-artifact-3.0.jar
2023-02-01 02:34:00,910 [AetherRepositoryConnector-repo.maven.apache.org-0-4] INFO  o.e.m.c.i.e.AbstractTransferListenerAdapter - Downloading https://repo.maven.apache.org/maven2/org/apache/maven/maven-core/3.0/maven-core-3.0.jar
2023-02-01 02:34:01,092 [AetherRepositoryConnector-repo.maven.apache.org-0-1] INFO  o.e.m.c.i.e.AbstractTransferListenerAdapter - Downloaded https://repo.maven.apache.org/maven2/org/apache/maven/maven-model/3.0/maven-model-3.0.jar
2023-02-01 02:34:01,195 [AetherRepositoryConnector-repo.maven.apache.org-0-0] INFO  o.e.m.c.i.e.AbstractTransferListenerAdapter - Downloaded https://repo.maven.apache.org/maven2/org/apache/maven/maven-plugin-api/3.0/maven-plugin-api-3.0.jar
2023-02-01 02:34:01,196 [AetherRepositoryConnector-repo.maven.apache.org-0-3] INFO  o.e.m.c.i.e.AbstractTransferListenerAdapter - Downloaded https://repo.maven.apache.org/maven2/org/codehaus/plexus/plexus-utils/2.0.4/plexus-utils-2.0.4.jar
2023-02-01 02:34:01,205 [AetherRepositoryConnector-repo.maven.apache.org-0-2] INFO  o.e.m.c.i.e.AbstractTransferListenerAdapter - Downloaded https://repo.maven.apache.org/maven2/org/apache/maven/maven-artifact/3.0/maven-artifact-3.0.jar
2023-02-01 02:34:01,254 [AetherRepositoryConnector-repo.maven.apache.org-0-1] INFO  o.e.m.c.i.e.AbstractTransferListenerAdapter - Downloading https://repo.maven.apache.org/maven2/org/apache/maven/maven-settings/3.0/maven-settings-3.0.jar
2023-02-01 02:34:01,358 [AetherRepositoryConnector-repo.maven.apache.org-0-0] INFO  o.e.m.c.i.e.AbstractTransferListenerAdapter - Downloading https://repo.maven.apache.org/maven2/org/apache/maven/maven-settings-builder/3.0/maven-settings-builder-3.0.jar
2023-02-01 02:34:01,361 [AetherRepositoryConnector-repo.maven.apache.org-0-3] INFO  o.e.m.c.i.e.AbstractTransferListenerAdapter - Downloading https://repo.maven.apache.org/maven2/org/sonatype/aether/aether-impl/1.7/aether-impl-1.7.jar
2023-02-01 02:34:01,374 [AetherRepositoryConnector-repo.maven.apache.org-0-4] INFO  o.e.m.c.i.e.AbstractTransferListenerAdapter - Downloaded https://repo.maven.apache.org/maven2/org/apache/maven/maven-core/3.0/maven-core-3.0.jar
2023-02-01 02:34:01,413 [AetherRepositoryConnector-repo.maven.apache.org-0-2] INFO  o.e.m.c.i.e.AbstractTransferListenerAdapter - Downloading https://repo.maven.apache.org/maven2/org/sonatype/aether/aether-spi/1.7/aether-spi-1.7.jar
2023-02-01 02:34:01,531 [AetherRepositoryConnector-repo.maven.apache.org-0-1] INFO  o.e.m.c.i.e.AbstractTransferListenerAdapter - Downloaded https://repo.maven.apache.org/maven2/org/apache/maven/maven-settings/3.0/maven-settings-3.0.jar
2023-02-01 02:34:01,533 [AetherRepositoryConnector-repo.maven.apache.org-0-0] INFO  o.e.m.c.i.e.AbstractTransferListenerAdapter - Downloaded https://repo.maven.apache.org/maven2/org/apache/maven/maven-settings-builder/3.0/maven-settings-builder-3.0.jar
2023-02-01 02:34:01,574 [AetherRepositoryConnector-repo.maven.apache.org-0-4] INFO  o.e.m.c.i.e.AbstractTransferListenerAdapter - Downloading https://repo.maven.apache.org/maven2/org/sonatype/aether/aether-api/1.7/aether-api-1.7.jar
2023-02-01 02:34:01,578 [AetherRepositoryConnector-repo.maven.apache.org-0-3] INFO  o.e.m.c.i.e.AbstractTransferListenerAdapter - Downloaded https://repo.maven.apache.org/maven2/org/sonatype/aether/aether-impl/1.7/aether-impl-1.7.jar
2023-02-01 02:34:01,684 [AetherRepositoryConnector-repo.maven.apache.org-0-2] INFO  o.e.m.c.i.e.AbstractTransferListenerAdapter - Downloaded https://repo.maven.apache.org/maven2/org/sonatype/aether/aether-spi/1.7/aether-spi-1.7.jar
2023-02-01 02:34:01,731 [AetherRepositoryConnector-repo.maven.apache.org-0-1] INFO  o.e.m.c.i.e.AbstractTransferListenerAdapter - Downloading https://repo.maven.apache.org/maven2/org/codehaus/plexus/plexus-interpolation/1.14/plexus-interpolation-1.14.jar
2023-02-01 02:34:01,734 [AetherRepositoryConnector-repo.maven.apache.org-0-0] INFO  o.e.m.c.i.e.AbstractTransferListenerAdapter - Downloading https://repo.maven.apache.org/maven2/org/codehaus/plexus/plexus-component-annotations/1.6/plexus-component-annotations-1.6.jar
2023-02-01 02:34:01,835 [AetherRepositoryConnector-repo.maven.apache.org-0-3] INFO  o.e.m.c.i.e.AbstractTransferListenerAdapter - Downloading https://repo.maven.apache.org/maven2/org/sonatype/plexus/plexus-sec-dispatcher/1.3/plexus-sec-dispatcher-1.3.jar
2023-02-01 02:34:01,849 [AetherRepositoryConnector-repo.maven.apache.org-0-4] INFO  o.e.m.c.i.e.AbstractTransferListenerAdapter - Downloaded https://repo.maven.apache.org/maven2/org/sonatype/aether/aether-api/1.7/aether-api-1.7.jar
2023-02-01 02:34:01,890 [AetherRepositoryConnector-repo.maven.apache.org-0-2] INFO  o.e.m.c.i.e.AbstractTransferListenerAdapter - Downloading https://repo.maven.apache.org/maven2/org/sonatype/plexus/plexus-cipher/1.4/plexus-cipher-1.4.jar
2023-02-01 02:34:02,019 [AetherRepositoryConnector-repo.maven.apache.org-0-0] INFO  o.e.m.c.i.e.AbstractTransferListenerAdapter - Downloaded https://repo.maven.apache.org/maven2/org/codehaus/plexus/plexus-component-annotations/1.6/plexus-component-annotations-1.6.jar
2023-02-01 02:34:02,019 [AetherRepositoryConnector-repo.maven.apache.org-0-1] INFO  o.e.m.c.i.e.AbstractTransferListenerAdapter - Downloaded https://repo.maven.apache.org/maven2/org/codehaus/plexus/plexus-interpolation/1.14/plexus-interpolation-1.14.jar
2023-02-01 02:34:02,052 [AetherRepositoryConnector-repo.maven.apache.org-0-4] INFO  o.e.m.c.i.e.AbstractTransferListenerAdapter - Downloading https://repo.maven.apache.org/maven2/org/apache/maven/shared/maven-shared-utils/3.1.0/maven-shared-utils-3.1.0.jar
2023-02-01 02:34:02,054 [AetherRepositoryConnector-repo.maven.apache.org-0-3] INFO  o.e.m.c.i.e.AbstractTransferListenerAdapter - Downloaded https://repo.maven.apache.org/maven2/org/sonatype/plexus/plexus-sec-dispatcher/1.3/plexus-sec-dispatcher-1.3.jar
2023-02-01 02:34:02,158 [AetherRepositoryConnector-repo.maven.apache.org-0-2] INFO  o.e.m.c.i.e.AbstractTransferListenerAdapter - Downloaded https://repo.maven.apache.org/maven2/org/sonatype/plexus/plexus-cipher/1.4/plexus-cipher-1.4.jar
2023-02-01 02:34:02,214 [AetherRepositoryConnector-repo.maven.apache.org-0-0] INFO  o.e.m.c.i.e.AbstractTransferListenerAdapter - Downloading https://repo.maven.apache.org/maven2/commons-io/commons-io/2.5/commons-io-2.5.jar
2023-02-01 02:34:02,232 [AetherRepositoryConnector-repo.maven.apache.org-0-3] INFO  o.e.m.c.i.e.AbstractTransferListenerAdapter - Downloading https://repo.maven.apache.org/maven2/org/ow2/asm/asm/6.0_BETA/asm-6.0_BETA.jar
2023-02-01 02:34:02,235 [AetherRepositoryConnector-repo.maven.apache.org-0-1] INFO  o.e.m.c.i.e.AbstractTransferListenerAdapter - Downloading https://repo.maven.apache.org/maven2/org/codehaus/plexus/plexus-java/0.9.2/plexus-java-0.9.2.jar
2023-02-01 02:34:02,323 [AetherRepositoryConnector-repo.maven.apache.org-0-4] INFO  o.e.m.c.i.e.AbstractTransferListenerAdapter - Downloaded https://repo.maven.apache.org/maven2/org/apache/maven/shared/maven-shared-utils/3.1.0/maven-shared-utils-3.1.0.jar
2023-02-01 02:34:02,369 [AetherRepositoryConnector-repo.maven.apache.org-0-2] INFO  o.e.m.c.i.e.AbstractTransferListenerAdapter - Downloading https://repo.maven.apache.org/maven2/com/thoughtworks/qdox/qdox/2.0-M7/qdox-2.0-M7.jar
2023-02-01 02:34:02,404 [AetherRepositoryConnector-repo.maven.apache.org-0-0] INFO  o.e.m.c.i.e.AbstractTransferListenerAdapter - Downloaded https://repo.maven.apache.org/maven2/commons-io/commons-io/2.5/commons-io-2.5.jar
2023-02-01 02:34:02,474 [AetherRepositoryConnector-repo.maven.apache.org-0-1] INFO  o.e.m.c.i.e.AbstractTransferListenerAdapter - Downloaded https://repo.maven.apache.org/maven2/org/codehaus/plexus/plexus-java/0.9.2/plexus-java-0.9.2.jar
2023-02-01 02:34:02,474 [AetherRepositoryConnector-repo.maven.apache.org-0-3] INFO  o.e.m.c.i.e.AbstractTransferListenerAdapter - Downloaded https://repo.maven.apache.org/maven2/org/ow2/asm/asm/6.0_BETA/asm-6.0_BETA.jar
2023-02-01 02:34:02,526 [AetherRepositoryConnector-repo.maven.apache.org-0-4] INFO  o.e.m.c.i.e.AbstractTransferListenerAdapter - Downloading https://repo.maven.apache.org/maven2/org/codehaus/plexus/plexus-compiler-api/2.8.2/plexus-compiler-api-2.8.2.jar
2023-02-01 02:34:02,577 [AetherRepositoryConnector-repo.maven.apache.org-0-2] INFO  o.e.m.c.i.e.AbstractTransferListenerAdapter - Downloaded https://repo.maven.apache.org/maven2/com/thoughtworks/qdox/qdox/2.0-M7/qdox-2.0-M7.jar
2023-02-01 02:34:02,631 [AetherRepositoryConnector-repo.maven.apache.org-0-0] INFO  o.e.m.c.i.e.AbstractTransferListenerAdapter - Downloading https://repo.maven.apache.org/maven2/org/codehaus/plexus/plexus-compiler-manager/2.8.2/plexus-compiler-manager-2.8.2.jar
2023-02-01 02:34:02,688 [AetherRepositoryConnector-repo.maven.apache.org-0-3] INFO  o.e.m.c.i.e.AbstractTransferListenerAdapter - Downloading https://repo.maven.apache.org/maven2/org/codehaus/plexus/plexus-compiler-javac/2.8.2/plexus-compiler-javac-2.8.2.jar
2023-02-01 02:34:02,736 [AetherRepositoryConnector-repo.maven.apache.org-0-4] INFO  o.e.m.c.i.e.AbstractTransferListenerAdapter - Downloaded https://repo.maven.apache.org/maven2/org/codehaus/plexus/plexus-compiler-api/2.8.2/plexus-compiler-api-2.8.2.jar
2023-02-01 02:34:02,847 [AetherRepositoryConnector-repo.maven.apache.org-0-0] INFO  o.e.m.c.i.e.AbstractTransferListenerAdapter - Downloaded https://repo.maven.apache.org/maven2/org/codehaus/plexus/plexus-compiler-manager/2.8.2/plexus-compiler-manager-2.8.2.jar
2023-02-01 02:34:02,888 [AetherRepositoryConnector-repo.maven.apache.org-0-3] INFO  o.e.m.c.i.e.AbstractTransferListenerAdapter - Downloaded https://repo.maven.apache.org/maven2/org/codehaus/plexus/plexus-compiler-javac/2.8.2/plexus-compiler-javac-2.8.2.jar
2023-02-01 02:34:03,121 [Worker-124: Updating Maven Dependencies] INFO  o.e.m.c.i.l.LifecycleMappingFactory - Using org.maven.ide.eclipse.wtp.WarLifecycleMapping lifecycle mapping for MavenProject: com.javacodegeeks.examples.helloworld:hello-world-servlet:0.0.1-SNAPSHOT @ C:\Users\aarav\Downloads\hello-world-servlet\pom.xml.
2023-02-01 02:34:03,301 [Worker-124: Updating Maven Dependencies] INFO  o.e.m.c.i.e.AbstractTransferListenerAdapter - Downloading https://repo.maven.apache.org/maven2/org/apache/maven/plugins/maven-war-plugin/3.2.1/maven-war-plugin-3.2.1.pom
2023-02-01 02:34:03,477 [Worker-124: Updating Maven Dependencies] INFO  o.e.m.c.i.e.AbstractTransferListenerAdapter - Downloaded https://repo.maven.apache.org/maven2/org/apache/maven/plugins/maven-war-plugin/3.2.1/maven-war-plugin-3.2.1.pom
2023-02-01 02:34:03,646 [Worker-124: Updating Maven Dependencies] INFO  o.e.m.c.i.e.AbstractTransferListenerAdapter - Downloading https://repo.maven.apache.org/maven2/org/apache/maven/plugins/maven-plugins/31/maven-plugins-31.pom
2023-02-01 02:34:03,826 [Worker-124: Updating Maven Dependencies] INFO  o.e.m.c.i.e.AbstractTransferListenerAdapter - Downloaded https://repo.maven.apache.org/maven2/org/apache/maven/plugins/maven-plugins/31/maven-plugins-31.pom
2023-02-01 02:34:04,026 [Worker-124: Updating Maven Dependencies] INFO  o.e.m.c.i.e.AbstractTransferListenerAdapter - Downloading https://repo.maven.apache.org/maven2/org/codehaus/plexus/plexus-component-annotations/1.7.1/plexus-component-annotations-1.7.1.pom
2023-02-01 02:34:04,196 [Worker-124: Updating Maven Dependencies] INFO  o.e.m.c.i.e.AbstractTransferListenerAdapter - Downloaded https://repo.maven.apache.org/maven2/org/codehaus/plexus/plexus-component-annotations/1.7.1/plexus-component-annotations-1.7.1.pom
2023-02-01 02:34:04,359 [Worker-124: Updating Maven Dependencies] INFO  o.e.m.c.i.e.AbstractTransferListenerAdapter - Downloading https://repo.maven.apache.org/maven2/org/codehaus/plexus/plexus-containers/1.7.1/plexus-containers-1.7.1.pom
2023-02-01 02:34:04,531 [Worker-124: Updating Maven Dependencies] INFO  o.e.m.c.i.e.AbstractTransferListenerAdapter - Downloaded https://repo.maven.apache.org/maven2/org/codehaus/plexus/plexus-containers/1.7.1/plexus-containers-1.7.1.pom
2023-02-01 02:34:04,702 [Worker-124: Updating Maven Dependencies] INFO  o.e.m.c.i.e.AbstractTransferListenerAdapter - Downloading https://repo.maven.apache.org/maven2/org/apache/maven/maven-archiver/3.2.0/maven-archiver-3.2.0.pom
2023-02-01 02:34:04,909 [Worker-124: Updating Maven Dependencies] INFO  o.e.m.c.i.e.AbstractTransferListenerAdapter - Downloaded https://repo.maven.apache.org/maven2/org/apache/maven/maven-archiver/3.2.0/maven-archiver-3.2.0.pom
2023-02-01 02:34:05,074 [Worker-124: Updating Maven Dependencies] INFO  o.e.m.c.i.e.AbstractTransferListenerAdapter - Downloading https://repo.maven.apache.org/maven2/org/apache/maven/shared/maven-shared-utils/3.2.0/maven-shared-utils-3.2.0.pom
2023-02-01 02:34:05,269 [Worker-124: Updating Maven Dependencies] INFO  o.e.m.c.i.e.AbstractTransferListenerAdapter - Downloaded https://repo.maven.apache.org/maven2/org/apache/maven/shared/maven-shared-utils/3.2.0/maven-shared-utils-3.2.0.pom
2023-02-01 02:34:05,440 [Worker-124: Updating Maven Dependencies] INFO  o.e.m.c.i.e.AbstractTransferListenerAdapter - Downloading https://repo.maven.apache.org/maven2/org/codehaus/plexus/plexus-archiver/3.5/plexus-archiver-3.5.pom
2023-02-01 02:34:05,612 [Worker-124: Updating Maven Dependencies] INFO  o.e.m.c.i.e.AbstractTransferListenerAdapter - Downloaded https://repo.maven.apache.org/maven2/org/codehaus/plexus/plexus-archiver/3.5/plexus-archiver-3.5.pom
2023-02-01 02:34:05,778 [Worker-124: Updating Maven Dependencies] INFO  o.e.m.c.i.e.AbstractTransferListenerAdapter - Downloading https://repo.maven.apache.org/maven2/org/codehaus/plexus/plexus/5.0/plexus-5.0.pom
2023-02-01 02:34:05,948 [Worker-124: Updating Maven Dependencies] INFO  o.e.m.c.i.e.AbstractTransferListenerAdapter - Downloaded https://repo.maven.apache.org/maven2/org/codehaus/plexus/plexus/5.0/plexus-5.0.pom
2023-02-01 02:34:06,120 [Worker-124: Updating Maven Dependencies] INFO  o.e.m.c.i.e.AbstractTransferListenerAdapter - Downloading https://repo.maven.apache.org/maven2/org/codehaus/plexus/plexus-utils/3.0.24/plexus-utils-3.0.24.pom
2023-02-01 02:34:06,294 [Worker-124: Updating Maven Dependencies] INFO  o.e.m.c.i.e.AbstractTransferListenerAdapter - Downloaded https://repo.maven.apache.org/maven2/org/codehaus/plexus/plexus-utils/3.0.24/plexus-utils-3.0.24.pom
2023-02-01 02:34:06,466 [Worker-124: Updating Maven Dependencies] INFO  o.e.m.c.i.e.AbstractTransferListenerAdapter - Downloading https://repo.maven.apache.org/maven2/org/codehaus/plexus/plexus-io/3.0.0/plexus-io-3.0.0.pom
2023-02-01 02:34:06,643 [Worker-124: Updating Maven Dependencies] INFO  o.e.m.c.i.e.AbstractTransferListenerAdapter - Downloaded https://repo.maven.apache.org/maven2/org/codehaus/plexus/plexus-io/3.0.0/plexus-io-3.0.0.pom
2023-02-01 02:34:06,809 [Worker-124: Updating Maven Dependencies] INFO  o.e.m.c.i.e.AbstractTransferListenerAdapter - Downloading https://repo.maven.apache.org/maven2/org/apache/commons/commons-compress/1.14/commons-compress-1.14.pom
2023-02-01 02:34:06,986 [Worker-124: Updating Maven Dependencies] INFO  o.e.m.c.i.e.AbstractTransferListenerAdapter - Downloaded https://repo.maven.apache.org/maven2/org/apache/commons/commons-compress/1.14/commons-compress-1.14.pom
2023-02-01 02:34:07,158 [Worker-124: Updating Maven Dependencies] INFO  o.e.m.c.i.e.AbstractTransferListenerAdapter - Downloading https://repo.maven.apache.org/maven2/org/tukaani/xz/1.6/xz-1.6.pom
2023-02-01 02:34:07,323 [Worker-124: Updating Maven Dependencies] INFO  o.e.m.c.i.e.AbstractTransferListenerAdapter - Downloaded https://repo.maven.apache.org/maven2/org/tukaani/xz/1.6/xz-1.6.pom
2023-02-01 02:34:07,489 [Worker-124: Updating Maven Dependencies] INFO  o.e.m.c.i.e.AbstractTransferListenerAdapter - Downloading https://repo.maven.apache.org/maven2/org/codehaus/plexus/plexus-interpolation/1.22/plexus-interpolation-1.22.pom
2023-02-01 02:34:07,660 [Worker-124: Updating Maven Dependencies] INFO  o.e.m.c.i.e.AbstractTransferListenerAdapter - Downloaded https://repo.maven.apache.org/maven2/org/codehaus/plexus/plexus-interpolation/1.22/plexus-interpolation-1.22.pom
2023-02-01 02:34:07,825 [Worker-124: Updating Maven Dependencies] INFO  o.e.m.c.i.e.AbstractTransferListenerAdapter - Downloading https://repo.maven.apache.org/maven2/org/codehaus/plexus/plexus-archiver/3.6.0/plexus-archiver-3.6.0.pom
2023-02-01 02:34:08,000 [Worker-124: Updating Maven Dependencies] INFO  o.e.m.c.i.e.AbstractTransferListenerAdapter - Downloaded https://repo.maven.apache.org/maven2/org/codehaus/plexus/plexus-archiver/3.6.0/plexus-archiver-3.6.0.pom
2023-02-01 02:34:08,172 [Worker-124: Updating Maven Dependencies] INFO  o.e.m.c.i.e.AbstractTransferListenerAdapter - Downloading https://repo.maven.apache.org/maven2/org/codehaus/plexus/plexus-utils/3.1.0/plexus-utils-3.1.0.pom
2023-02-01 02:34:08,339 [Worker-124: Updating Maven Dependencies] INFO  o.e.m.c.i.e.AbstractTransferListenerAdapter - Downloaded https://repo.maven.apache.org/maven2/org/codehaus/plexus/plexus-utils/3.1.0/plexus-utils-3.1.0.pom
2023-02-01 02:34:08,505 [Worker-124: Updating Maven Dependencies] INFO  o.e.m.c.i.e.AbstractTransferListenerAdapter - Downloading https://repo.maven.apache.org/maven2/org/codehaus/plexus/plexus-io/3.0.1/plexus-io-3.0.1.pom
2023-02-01 02:34:08,694 [Worker-124: Updating Maven Dependencies] INFO  o.e.m.c.i.e.AbstractTransferListenerAdapter - Downloaded https://repo.maven.apache.org/maven2/org/codehaus/plexus/plexus-io/3.0.1/plexus-io-3.0.1.pom
2023-02-01 02:34:08,867 [Worker-124: Updating Maven Dependencies] INFO  o.e.m.c.i.e.AbstractTransferListenerAdapter - Downloading https://repo.maven.apache.org/maven2/org/apache/commons/commons-compress/1.16.1/commons-compress-1.16.1.pom
2023-02-01 02:34:09,136 [Worker-124: Updating Maven Dependencies] INFO  o.e.m.c.i.e.AbstractTransferListenerAdapter - Downloaded https://repo.maven.apache.org/maven2/org/apache/commons/commons-compress/1.16.1/commons-compress-1.16.1.pom
2023-02-01 02:34:09,300 [Worker-124: Updating Maven Dependencies] INFO  o.e.m.c.i.e.AbstractTransferListenerAdapter - Downloading https://repo.maven.apache.org/maven2/org/apache/commons/commons-parent/43/commons-parent-43.pom
2023-02-01 02:34:09,487 [Worker-124: Updating Maven Dependencies] INFO  o.e.m.c.i.e.AbstractTransferListenerAdapter - Downloaded https://repo.maven.apache.org/maven2/org/apache/commons/commons-parent/43/commons-parent-43.pom
2023-02-01 02:34:09,657 [Worker-124: Updating Maven Dependencies] INFO  o.e.m.c.i.e.AbstractTransferListenerAdapter - Downloading https://repo.maven.apache.org/maven2/org/objenesis/objenesis/2.6/objenesis-2.6.pom
2023-02-01 02:34:09,853 [Worker-124: Updating Maven Dependencies] INFO  o.e.m.c.i.e.AbstractTransferListenerAdapter - Downloaded https://repo.maven.apache.org/maven2/org/objenesis/objenesis/2.6/objenesis-2.6.pom
2023-02-01 02:34:10,022 [Worker-124: Updating Maven Dependencies] INFO  o.e.m.c.i.e.AbstractTransferListenerAdapter - Downloading https://repo.maven.apache.org/maven2/org/objenesis/objenesis-parent/2.6/objenesis-parent-2.6.pom
2023-02-01 02:34:10,202 [Worker-124: Updating Maven Dependencies] INFO  o.e.m.c.i.e.AbstractTransferListenerAdapter - Downloaded https://repo.maven.apache.org/maven2/org/objenesis/objenesis-parent/2.6/objenesis-parent-2.6.pom
2023-02-01 02:34:10,371 [Worker-124: Updating Maven Dependencies] INFO  o.e.m.c.i.e.AbstractTransferListenerAdapter - Downloading https://repo.maven.apache.org/maven2/org/codehaus/plexus/plexus-interpolation/1.24/plexus-interpolation-1.24.pom
2023-02-01 02:34:10,567 [Worker-124: Updating Maven Dependencies] INFO  o.e.m.c.i.e.AbstractTransferListenerAdapter - Downloaded https://repo.maven.apache.org/maven2/org/codehaus/plexus/plexus-interpolation/1.24/plexus-interpolation-1.24.pom
2023-02-01 02:34:10,737 [Worker-124: Updating Maven Dependencies] INFO  o.e.m.c.i.e.AbstractTransferListenerAdapter - Downloading https://repo.maven.apache.org/maven2/com/thoughtworks/xstream/xstream/1.4.10/xstream-1.4.10.pom
2023-02-01 02:34:10,925 [Worker-124: Updating Maven Dependencies] INFO  o.e.m.c.i.e.AbstractTransferListenerAdapter - Downloaded https://repo.maven.apache.org/maven2/com/thoughtworks/xstream/xstream/1.4.10/xstream-1.4.10.pom
2023-02-01 02:34:11,095 [Worker-124: Updating Maven Dependencies] INFO  o.e.m.c.i.e.AbstractTransferListenerAdapter - Downloading https://repo.maven.apache.org/maven2/com/thoughtworks/xstream/xstream-parent/1.4.10/xstream-parent-1.4.10.pom
2023-02-01 02:34:11,287 [Worker-124: Updating Maven Dependencies] INFO  o.e.m.c.i.e.AbstractTransferListenerAdapter - Downloaded https://repo.maven.apache.org/maven2/com/thoughtworks/xstream/xstream-parent/1.4.10/xstream-parent-1.4.10.pom
2023-02-01 02:34:11,460 [Worker-124: Updating Maven Dependencies] INFO  o.e.m.c.i.e.AbstractTransferListenerAdapter - Downloading https://repo.maven.apache.org/maven2/xmlpull/xmlpull/1.1.3.1/xmlpull-1.1.3.1.pom
2023-02-01 02:34:11,648 [Worker-124: Updating Maven Dependencies] INFO  o.e.m.c.i.e.AbstractTransferListenerAdapter - Downloaded https://repo.maven.apache.org/maven2/xmlpull/xmlpull/1.1.3.1/xmlpull-1.1.3.1.pom
2023-02-01 02:34:11,818 [Worker-124: Updating Maven Dependencies] INFO  o.e.m.c.i.e.AbstractTransferListenerAdapter - Downloading https://repo.maven.apache.org/maven2/xpp3/xpp3_min/1.1.4c/xpp3_min-1.1.4c.pom
2023-02-01 02:34:12,005 [Worker-124: Updating Maven Dependencies] INFO  o.e.m.c.i.e.AbstractTransferListenerAdapter - Downloaded https://repo.maven.apache.org/maven2/xpp3/xpp3_min/1.1.4c/xpp3_min-1.1.4c.pom
2023-02-01 02:34:12,177 [Worker-124: Updating Maven Dependencies] INFO  o.e.m.c.i.e.AbstractTransferListenerAdapter - Downloading https://repo.maven.apache.org/maven2/org/apache/maven/shared/maven-filtering/3.1.1/maven-filtering-3.1.1.pom
2023-02-01 02:34:12,334 [Worker-124: Updating Maven Dependencies] INFO  o.e.m.c.i.e.AbstractTransferListenerAdapter - Downloaded https://repo.maven.apache.org/maven2/org/apache/maven/shared/maven-filtering/3.1.1/maven-filtering-3.1.1.pom
2023-02-01 02:34:12,506 [Worker-124: Updating Maven Dependencies] INFO  o.e.m.c.i.e.AbstractTransferListenerAdapter - Downloading https://repo.maven.apache.org/maven2/org/apache/maven/shared/maven-shared-utils/3.0.0/maven-shared-utils-3.0.0.pom
2023-02-01 02:34:12,710 [Worker-124: Updating Maven Dependencies] INFO  o.e.m.c.i.e.AbstractTransferListenerAdapter - Downloaded https://repo.maven.apache.org/maven2/org/apache/maven/shared/maven-shared-utils/3.0.0/maven-shared-utils-3.0.0.pom
2023-02-01 02:34:12,877 [Worker-124: Updating Maven Dependencies] INFO  o.e.m.c.i.e.AbstractTransferListenerAdapter - Downloading https://repo.maven.apache.org/maven2/org/apache/maven/shared/maven-shared-components/21/maven-shared-components-21.pom
2023-02-01 02:34:13,066 [Worker-124: Updating Maven Dependencies] INFO  o.e.m.c.i.e.AbstractTransferListenerAdapter - Downloaded https://repo.maven.apache.org/maven2/org/apache/maven/shared/maven-shared-components/21/maven-shared-components-21.pom
2023-02-01 02:34:13,233 [Worker-124: Updating Maven Dependencies] INFO  o.e.m.c.i.e.AbstractTransferListenerAdapter - Downloading https://repo.maven.apache.org/maven2/org/apache/maven/maven-parent/25/maven-parent-25.pom
2023-02-01 02:34:13,416 [Worker-124: Updating Maven Dependencies] INFO  o.e.m.c.i.e.AbstractTransferListenerAdapter - Downloaded https://repo.maven.apache.org/maven2/org/apache/maven/maven-parent/25/maven-parent-25.pom
2023-02-01 02:34:13,587 [Worker-124: Updating Maven Dependencies] INFO  o.e.m.c.i.e.AbstractTransferListenerAdapter - Downloading https://repo.maven.apache.org/maven2/org/apache/apache/15/apache-15.pom
2023-02-01 02:34:13,766 [Worker-124: Updating Maven Dependencies] INFO  o.e.m.c.i.e.AbstractTransferListenerAdapter - Downloaded https://repo.maven.apache.org/maven2/org/apache/apache/15/apache-15.pom
2023-02-01 02:34:13,942 [Worker-124: Updating Maven Dependencies] INFO  o.e.m.c.i.e.AbstractTransferListenerAdapter - Downloading https://repo.maven.apache.org/maven2/commons-io/commons-io/2.4/commons-io-2.4.pom
2023-02-01 02:34:14,140 [Worker-124: Updating Maven Dependencies] INFO  o.e.m.c.i.e.AbstractTransferListenerAdapter - Downloaded https://repo.maven.apache.org/maven2/commons-io/commons-io/2.4/commons-io-2.4.pom
2023-02-01 02:34:14,308 [Worker-124: Updating Maven Dependencies] INFO  o.e.m.c.i.e.AbstractTransferListenerAdapter - Downloading https://repo.maven.apache.org/maven2/org/apache/commons/commons-parent/25/commons-parent-25.pom
2023-02-01 02:34:14,505 [Worker-124: Updating Maven Dependencies] INFO  o.e.m.c.i.e.AbstractTransferListenerAdapter - Downloaded https://repo.maven.apache.org/maven2/org/apache/commons/commons-parent/25/commons-parent-25.pom
2023-02-01 02:34:14,682 [Worker-124: Updating Maven Dependencies] INFO  o.e.m.c.i.e.AbstractTransferListenerAdapter - Downloading https://repo.maven.apache.org/maven2/org/sonatype/plexus/plexus-build-api/0.0.7/plexus-build-api-0.0.7.pom
2023-02-01 02:34:14,863 [Worker-124: Updating Maven Dependencies] INFO  o.e.m.c.i.e.AbstractTransferListenerAdapter - Downloaded https://repo.maven.apache.org/maven2/org/sonatype/plexus/plexus-build-api/0.0.7/plexus-build-api-0.0.7.pom
2023-02-01 02:34:15,036 [Worker-124: Updating Maven Dependencies] INFO  o.e.m.c.i.e.AbstractTransferListenerAdapter - Downloading https://repo.maven.apache.org/maven2/org/sonatype/spice/spice-parent/15/spice-parent-15.pom
2023-02-01 02:34:15,226 [Worker-124: Updating Maven Dependencies] INFO  o.e.m.c.i.e.AbstractTransferListenerAdapter - Downloaded https://repo.maven.apache.org/maven2/org/sonatype/spice/spice-parent/15/spice-parent-15.pom
2023-02-01 02:34:15,398 [Worker-124: Updating Maven Dependencies] INFO  o.e.m.c.i.e.AbstractTransferListenerAdapter - Downloading https://repo.maven.apache.org/maven2/org/apache/maven/shared/maven-mapping/3.0.0/maven-mapping-3.0.0.pom
2023-02-01 02:34:15,586 [Worker-124: Updating Maven Dependencies] INFO  o.e.m.c.i.e.AbstractTransferListenerAdapter - Downloaded https://repo.maven.apache.org/maven2/org/apache/maven/shared/maven-mapping/3.0.0/maven-mapping-3.0.0.pom
2023-02-01 02:34:15,759 [Worker-124: Updating Maven Dependencies] INFO  o.e.m.c.i.e.AbstractTransferListenerAdapter - Downloading https://repo.maven.apache.org/maven2/org/apache/maven/shared/maven-shared-components/22/maven-shared-components-22.pom
2023-02-01 02:34:15,929 [Worker-124: Updating Maven Dependencies] INFO  o.e.m.c.i.e.AbstractTransferListenerAdapter - Downloaded https://repo.maven.apache.org/maven2/org/apache/maven/shared/maven-shared-components/22/maven-shared-components-22.pom
2023-02-01 02:34:16,112 [Worker-124: Updating Maven Dependencies] INFO  o.e.m.c.i.e.AbstractTransferListenerAdapter - Downloading https://repo.maven.apache.org/maven2/org/codehaus/plexus/plexus-interpolation/1.21/plexus-interpolation-1.21.pom
2023-02-01 02:34:16,290 [Worker-124: Updating Maven Dependencies] INFO  o.e.m.c.i.e.AbstractTransferListenerAdapter - Downloaded https://repo.maven.apache.org/maven2/org/codehaus/plexus/plexus-interpolation/1.21/plexus-interpolation-1.21.pom
2023-02-01 02:34:16,461 [AetherRepositoryConnector-repo.maven.apache.org-1-4] INFO  o.e.m.c.i.e.AbstractTransferListenerAdapter - Downloading https://repo.maven.apache.org/maven2/org/codehaus/plexus/plexus-io/3.0.1/plexus-io-3.0.1.jar
2023-02-01 02:34:16,468 [AetherRepositoryConnector-repo.maven.apache.org-1-2] INFO  o.e.m.c.i.e.AbstractTransferListenerAdapter - Downloading https://repo.maven.apache.org/maven2/org/apache/maven/shared/maven-shared-utils/3.2.0/maven-shared-utils-3.2.0.jar
2023-02-01 02:34:16,468 [AetherRepositoryConnector-repo.maven.apache.org-1-3] INFO  o.e.m.c.i.e.AbstractTransferListenerAdapter - Downloading https://repo.maven.apache.org/maven2/org/codehaus/plexus/plexus-archiver/3.6.0/plexus-archiver-3.6.0.jar
2023-02-01 02:34:16,623 [AetherRepositoryConnector-repo.maven.apache.org-1-0] INFO  o.e.m.c.i.e.AbstractTransferListenerAdapter - Downloading https://repo.maven.apache.org/maven2/org/codehaus/plexus/plexus-component-annotations/1.7.1/plexus-component-annotations-1.7.1.jar
2023-02-01 02:34:16,628 [AetherRepositoryConnector-repo.maven.apache.org-1-1] INFO  o.e.m.c.i.e.AbstractTransferListenerAdapter - Downloading https://repo.maven.apache.org/maven2/org/apache/maven/maven-archiver/3.2.0/maven-archiver-3.2.0.jar
2023-02-01 02:34:16,641 [AetherRepositoryConnector-repo.maven.apache.org-1-4] INFO  o.e.m.c.i.e.AbstractTransferListenerAdapter - Downloaded https://repo.maven.apache.org/maven2/org/codehaus/plexus/plexus-io/3.0.1/plexus-io-3.0.1.jar
2023-02-01 02:34:16,660 [AetherRepositoryConnector-repo.maven.apache.org-1-2] INFO  o.e.m.c.i.e.AbstractTransferListenerAdapter - Downloaded https://repo.maven.apache.org/maven2/org/apache/maven/shared/maven-shared-utils/3.2.0/maven-shared-utils-3.2.0.jar
2023-02-01 02:34:16,785 [AetherRepositoryConnector-repo.maven.apache.org-1-3] INFO  o.e.m.c.i.e.AbstractTransferListenerAdapter - Downloaded https://repo.maven.apache.org/maven2/org/codehaus/plexus/plexus-archiver/3.6.0/plexus-archiver-3.6.0.jar
2023-02-01 02:34:16,792 [AetherRepositoryConnector-repo.maven.apache.org-1-0] INFO  o.e.m.c.i.e.AbstractTransferListenerAdapter - Downloaded https://repo.maven.apache.org/maven2/org/codehaus/plexus/plexus-component-annotations/1.7.1/plexus-component-annotations-1.7.1.jar
2023-02-01 02:34:16,816 [AetherRepositoryConnector-repo.maven.apache.org-1-4] INFO  o.e.m.c.i.e.AbstractTransferListenerAdapter - Downloading https://repo.maven.apache.org/maven2/org/apache/commons/commons-compress/1.16.1/commons-compress-1.16.1.jar
2023-02-01 02:34:16,861 [AetherRepositoryConnector-repo.maven.apache.org-1-1] INFO  o.e.m.c.i.e.AbstractTransferListenerAdapter - Downloaded https://repo.maven.apache.org/maven2/org/apache/maven/maven-archiver/3.2.0/maven-archiver-3.2.0.jar
2023-02-01 02:34:16,941 [AetherRepositoryConnector-repo.maven.apache.org-1-2] INFO  o.e.m.c.i.e.AbstractTransferListenerAdapter - Downloading https://repo.maven.apache.org/maven2/org/objenesis/objenesis/2.6/objenesis-2.6.jar
2023-02-01 02:34:16,952 [AetherRepositoryConnector-repo.maven.apache.org-1-3] INFO  o.e.m.c.i.e.AbstractTransferListenerAdapter - Downloading https://repo.maven.apache.org/maven2/org/codehaus/plexus/plexus-interpolation/1.24/plexus-interpolation-1.24.jar
2023-02-01 02:34:16,984 [AetherRepositoryConnector-repo.maven.apache.org-1-0] INFO  o.e.m.c.i.e.AbstractTransferListenerAdapter - Downloading https://repo.maven.apache.org/maven2/com/thoughtworks/xstream/xstream/1.4.10/xstream-1.4.10.jar
2023-02-01 02:34:17,138 [AetherRepositoryConnector-repo.maven.apache.org-1-1] INFO  o.e.m.c.i.e.AbstractTransferListenerAdapter - Downloading https://repo.maven.apache.org/maven2/xmlpull/xmlpull/1.1.3.1/xmlpull-1.1.3.1.jar
2023-02-01 02:34:17,148 [AetherRepositoryConnector-repo.maven.apache.org-1-4] INFO  o.e.m.c.i.e.AbstractTransferListenerAdapter - Downloaded https://repo.maven.apache.org/maven2/org/apache/commons/commons-compress/1.16.1/commons-compress-1.16.1.jar
2023-02-01 02:34:17,175 [AetherRepositoryConnector-repo.maven.apache.org-1-3] INFO  o.e.m.c.i.e.AbstractTransferListenerAdapter - Downloaded https://repo.maven.apache.org/maven2/org/codehaus/plexus/plexus-interpolation/1.24/plexus-interpolation-1.24.jar
2023-02-01 02:34:17,182 [AetherRepositoryConnector-repo.maven.apache.org-1-2] INFO  o.e.m.c.i.e.AbstractTransferListenerAdapter - Downloaded https://repo.maven.apache.org/maven2/org/objenesis/objenesis/2.6/objenesis-2.6.jar
2023-02-01 02:34:17,326 [AetherRepositoryConnector-repo.maven.apache.org-1-4] INFO  o.e.m.c.i.e.AbstractTransferListenerAdapter - Downloading https://repo.maven.apache.org/maven2/xpp3/xpp3_min/1.1.4c/xpp3_min-1.1.4c.jar
2023-02-01 02:34:17,330 [AetherRepositoryConnector-repo.maven.apache.org-1-1] INFO  o.e.m.c.i.e.AbstractTransferListenerAdapter - Downloaded https://repo.maven.apache.org/maven2/xmlpull/xmlpull/1.1.3.1/xmlpull-1.1.3.1.jar
2023-02-01 02:34:17,335 [AetherRepositoryConnector-repo.maven.apache.org-1-0] INFO  o.e.m.c.i.e.AbstractTransferListenerAdapter - Downloaded https://repo.maven.apache.org/maven2/com/thoughtworks/xstream/xstream/1.4.10/xstream-1.4.10.jar
2023-02-01 02:34:17,482 [AetherRepositoryConnector-repo.maven.apache.org-1-3] INFO  o.e.m.c.i.e.AbstractTransferListenerAdapter - Downloading https://repo.maven.apache.org/maven2/org/codehaus/plexus/plexus-utils/3.1.0/plexus-utils-3.1.0.jar
2023-02-01 02:34:17,521 [AetherRepositoryConnector-repo.maven.apache.org-1-2] INFO  o.e.m.c.i.e.AbstractTransferListenerAdapter - Downloading https://repo.maven.apache.org/maven2/org/apache/maven/shared/maven-filtering/3.1.1/maven-filtering-3.1.1.jar
2023-02-01 02:34:17,641 [AetherRepositoryConnector-repo.maven.apache.org-1-1] INFO  o.e.m.c.i.e.AbstractTransferListenerAdapter - Downloading https://repo.maven.apache.org/maven2/org/sonatype/plexus/plexus-build-api/0.0.7/plexus-build-api-0.0.7.jar
2023-02-01 02:34:17,641 [AetherRepositoryConnector-repo.maven.apache.org-1-0] INFO  o.e.m.c.i.e.AbstractTransferListenerAdapter - Downloading https://repo.maven.apache.org/maven2/org/apache/maven/shared/maven-mapping/3.0.0/maven-mapping-3.0.0.jar
2023-02-01 02:34:17,649 [AetherRepositoryConnector-repo.maven.apache.org-1-4] INFO  o.e.m.c.i.e.AbstractTransferListenerAdapter - Downloaded https://repo.maven.apache.org/maven2/xpp3/xpp3_min/1.1.4c/xpp3_min-1.1.4c.jar
2023-02-01 02:34:17,693 [AetherRepositoryConnector-repo.maven.apache.org-1-3] INFO  o.e.m.c.i.e.AbstractTransferListenerAdapter - Downloaded https://repo.maven.apache.org/maven2/org/codehaus/plexus/plexus-utils/3.1.0/plexus-utils-3.1.0.jar
2023-02-01 02:34:17,804 [AetherRepositoryConnector-repo.maven.apache.org-1-2] INFO  o.e.m.c.i.e.AbstractTransferListenerAdapter - Downloaded https://repo.maven.apache.org/maven2/org/apache/maven/shared/maven-filtering/3.1.1/maven-filtering-3.1.1.jar
2023-02-01 02:34:17,854 [AetherRepositoryConnector-repo.maven.apache.org-1-1] INFO  o.e.m.c.i.e.AbstractTransferListenerAdapter - Downloaded https://repo.maven.apache.org/maven2/org/sonatype/plexus/plexus-build-api/0.0.7/plexus-build-api-0.0.7.jar
2023-02-01 02:34:17,854 [AetherRepositoryConnector-repo.maven.apache.org-1-0] INFO  o.e.m.c.i.e.AbstractTransferListenerAdapter - Downloaded https://repo.maven.apache.org/maven2/org/apache/maven/shared/maven-mapping/3.0.0/maven-mapping-3.0.0.jar
2023-02-01 02:34:19,931 [Worker-127: Download sources and javadoc] INFO  o.e.m.c.i.e.AbstractTransferListenerAdapter - Downloading https://repo.maven.apache.org/maven2/javax/servlet/javax.servlet-api/4.0.0/javax.servlet-api-4.0.0-sources.jar
2023-02-01 02:34:20,525 [Worker-127: Download sources and javadoc] INFO  o.e.m.c.i.e.AbstractTransferListenerAdapter - Downloaded https://repo.maven.apache.org/maven2/javax/servlet/javax.servlet-api/4.0.0/javax.servlet-api-4.0.0-sources.jar
2023-02-01 02:34:20,525 [Worker-127: Download sources and javadoc] INFO  o.e.m.j.internal.DownloadSourcesJob - Downloaded sources for javax.servlet:javax.servlet-api:4.0.0
2023-02-01 02:34:30,724 [Worker-128: Updating Maven Project] INFO  o.e.m.c.i.p.ProjectConfigurationManager - Update started
2023-02-01 02:34:30,950 [Worker-128: Updating Maven Project] INFO  o.e.m.c.i.l.LifecycleMappingFactory - Using org.maven.ide.eclipse.wtp.WarLifecycleMapping lifecycle mapping for MavenProject: com.javacodegeeks.examples.helloworld:hello-world-servlet:0.0.1-SNAPSHOT @ C:\Users\aarav\Downloads\hello-world-servlet\pom.xml.
2023-02-01 02:34:31,261 [Worker-128: Updating Maven Project] INFO  o.e.m.j.i.AbstractJavaProjectConfigurator - Adding source folder /hello-world-servlet/src/main/java
2023-02-01 02:34:31,261 [Worker-128: Updating Maven Project] INFO  o.e.m.j.i.AbstractJavaProjectConfigurator - Adding resource folder /hello-world-servlet/src/main/resources
2023-02-01 02:34:31,266 [Worker-128: Updating Maven Project] INFO  o.e.m.j.i.AbstractJavaProjectConfigurator - Adding source folder /hello-world-servlet/src/test/java
2023-02-01 02:34:31,266 [Worker-128: Updating Maven Project] INFO  o.e.m.j.i.AbstractJavaProjectConfigurator - Adding resource folder /hello-world-servlet/src/test/resources
2023-02-01 02:34:31,512 [Worker-128: Updating Maven Project] INFO  o.e.m.w.i.f.ResourceFilteringBuildParticipant - Cleaning filtered folder for hello-world-servlet
2023-02-01 02:34:31,519 [Worker-128: Updating Maven Project] INFO  o.e.m.c.i.p.ProjectConfigurationManager - Update completed for 1 poms: local refresh takes 0.00 sec, refresh facades takes 0.00 sec, update config takes 0.00 sec 
2023-02-01 02:34:41,326 [Worker-129: Launching Executing test in C__Users_aarav_Downloads_hello-world-servlet] INFO  o.eclipse.m2e.core.internal.Bundles - getClasspathEntries(Bundle=org.eclipse.m2e.maven.runtime_3.8.604.20221130-2149 [603])
2023-02-01 02:34:41,331 [Worker-129: Launching Executing test in C__Users_aarav_Downloads_hello-world-servlet] INFO  o.eclipse.m2e.core.internal.Bundles - 	Entry: C:\Users\aarav\.p2\pool\plugins\org.eclipse.m2e.maven.runtime_3.8.604.20221130-2149
2023-02-01 02:34:41,331 [Worker-129: Launching Executing test in C__Users_aarav_Downloads_hello-world-servlet] INFO  o.eclipse.m2e.core.internal.Bundles - 	Entry: C:\Users\aarav\.p2\pool\plugins\org.eclipse.m2e.maven.runtime_3.8.604.20221130-2149\jars\aether-connector-okhttp-0.17.8.jar
2023-02-01 02:34:41,331 [Worker-129: Launching Executing test in C__Users_aarav_Downloads_hello-world-servlet] INFO  o.eclipse.m2e.core.internal.Bundles - 	Entry: C:\Users\aarav\.p2\pool\plugins\org.eclipse.m2e.maven.runtime_3.8.604.20221130-2149\jars\commons-cli-1.4.jar
2023-02-01 02:34:41,331 [Worker-129: Launching Executing test in C__Users_aarav_Downloads_hello-world-servlet] INFO  o.eclipse.m2e.core.internal.Bundles - 	Entry: C:\Users\aarav\.p2\pool\plugins\org.eclipse.m2e.maven.runtime_3.8.604.20221130-2149\jars\commons-io-2.6.jar
2023-02-01 02:34:41,332 [Worker-129: Launching Executing test in C__Users_aarav_Downloads_hello-world-servlet] INFO  o.eclipse.m2e.core.internal.Bundles - 	Entry: C:\Users\aarav\.p2\pool\plugins\org.eclipse.m2e.maven.runtime_3.8.604.20221130-2149\jars\commons-lang3-3.8.1.jar
2023-02-01 02:34:41,332 [Worker-129: Launching Executing test in C__Users_aarav_Downloads_hello-world-servlet] INFO  o.eclipse.m2e.core.internal.Bundles - 	Entry: C:\Users\aarav\.p2\pool\plugins\org.eclipse.m2e.maven.runtime_3.8.604.20221130-2149\jars\guice-4.2.2-no_aop.jar
2023-02-01 02:34:41,332 [Worker-129: Launching Executing test in C__Users_aarav_Downloads_hello-world-servlet] INFO  o.eclipse.m2e.core.internal.Bundles - 	Entry: C:\Users\aarav\.p2\pool\plugins\org.eclipse.m2e.maven.runtime_3.8.604.20221130-2149\jars\jansi-2.4.0.jar
2023-02-01 02:34:41,332 [Worker-129: Launching Executing test in C__Users_aarav_Downloads_hello-world-servlet] INFO  o.eclipse.m2e.core.internal.Bundles - 	Entry: C:\Users\aarav\.p2\pool\plugins\org.eclipse.m2e.maven.runtime_3.8.604.20221130-2149\jars\maven-artifact-3.8.6.jar
2023-02-01 02:34:41,332 [Worker-129: Launching Executing test in C__Users_aarav_Downloads_hello-world-servlet] INFO  o.eclipse.m2e.core.internal.Bundles - 	Entry: C:\Users\aarav\.p2\pool\plugins\org.eclipse.m2e.maven.runtime_3.8.604.20221130-2149\jars\maven-builder-support-3.8.6.jar
2023-02-01 02:34:41,332 [Worker-129: Launching Executing test in C__Users_aarav_Downloads_hello-world-servlet] INFO  o.eclipse.m2e.core.internal.Bundles - 	Entry: C:\Users\aarav\.p2\pool\plugins\org.eclipse.m2e.maven.runtime_3.8.604.20221130-2149\jars\maven-compat-3.8.6.jar
2023-02-01 02:34:41,333 [Worker-129: Launching Executing test in C__Users_aarav_Downloads_hello-world-servlet] INFO  o.eclipse.m2e.core.internal.Bundles - 	Entry: C:\Users\aarav\.p2\pool\plugins\org.eclipse.m2e.maven.runtime_3.8.604.20221130-2149\jars\maven-core-3.8.6.jar
2023-02-01 02:34:41,333 [Worker-129: Launching Executing test in C__Users_aarav_Downloads_hello-world-servlet] INFO  o.eclipse.m2e.core.internal.Bundles - 	Entry: C:\Users\aarav\.p2\pool\plugins\org.eclipse.m2e.maven.runtime_3.8.604.20221130-2149\jars\maven-embedder-3.8.6.jar
2023-02-01 02:34:41,333 [Worker-129: Launching Executing test in C__Users_aarav_Downloads_hello-world-servlet] INFO  o.eclipse.m2e.core.internal.Bundles - 	Entry: C:\Users\aarav\.p2\pool\plugins\org.eclipse.m2e.maven.runtime_3.8.604.20221130-2149\jars\maven-model-3.8.6.jar
2023-02-01 02:34:41,333 [Worker-129: Launching Executing test in C__Users_aarav_Downloads_hello-world-servlet] INFO  o.eclipse.m2e.core.internal.Bundles - 	Entry: C:\Users\aarav\.p2\pool\plugins\org.eclipse.m2e.maven.runtime_3.8.604.20221130-2149\jars\maven-model-builder-3.8.6.jar
2023-02-01 02:34:41,333 [Worker-129: Launching Executing test in C__Users_aarav_Downloads_hello-world-servlet] INFO  o.eclipse.m2e.core.internal.Bundles - 	Entry: C:\Users\aarav\.p2\pool\plugins\org.eclipse.m2e.maven.runtime_3.8.604.20221130-2149\jars\maven-plugin-api-3.8.6.jar
2023-02-01 02:34:41,333 [Worker-129: Launching Executing test in C__Users_aarav_Downloads_hello-world-servlet] INFO  o.eclipse.m2e.core.internal.Bundles - 	Entry: C:\Users\aarav\.p2\pool\plugins\org.eclipse.m2e.maven.runtime_3.8.604.20221130-2149\jars\maven-repository-metadata-3.8.6.jar
2023-02-01 02:34:41,333 [Worker-129: Launching Executing test in C__Users_aarav_Downloads_hello-world-servlet] INFO  o.eclipse.m2e.core.internal.Bundles - 	Entry: C:\Users\aarav\.p2\pool\plugins\org.eclipse.m2e.maven.runtime_3.8.604.20221130-2149\jars\maven-resolver-api-1.6.3.jar
2023-02-01 02:34:41,333 [Worker-129: Launching Executing test in C__Users_aarav_Downloads_hello-world-servlet] INFO  o.eclipse.m2e.core.internal.Bundles - 	Entry: C:\Users\aarav\.p2\pool\plugins\org.eclipse.m2e.maven.runtime_3.8.604.20221130-2149\jars\maven-resolver-connector-basic-1.6.3.jar
2023-02-01 02:34:41,333 [Worker-129: Launching Executing test in C__Users_aarav_Downloads_hello-world-servlet] INFO  o.eclipse.m2e.core.internal.Bundles - 	Entry: C:\Users\aarav\.p2\pool\plugins\org.eclipse.m2e.maven.runtime_3.8.604.20221130-2149\jars\maven-resolver-impl-1.6.3.jar
2023-02-01 02:34:41,333 [Worker-129: Launching Executing test in C__Users_aarav_Downloads_hello-world-servlet] INFO  o.eclipse.m2e.core.internal.Bundles - 	Entry: C:\Users\aarav\.p2\pool\plugins\org.eclipse.m2e.maven.runtime_3.8.604.20221130-2149\jars\maven-resolver-provider-3.8.6.jar
2023-02-01 02:34:41,334 [Worker-129: Launching Executing test in C__Users_aarav_Downloads_hello-world-servlet] INFO  o.eclipse.m2e.core.internal.Bundles - 	Entry: C:\Users\aarav\.p2\pool\plugins\org.eclipse.m2e.maven.runtime_3.8.604.20221130-2149\jars\maven-resolver-spi-1.6.3.jar
2023-02-01 02:34:41,334 [Worker-129: Launching Executing test in C__Users_aarav_Downloads_hello-world-servlet] INFO  o.eclipse.m2e.core.internal.Bundles - 	Entry: C:\Users\aarav\.p2\pool\plugins\org.eclipse.m2e.maven.runtime_3.8.604.20221130-2149\jars\maven-resolver-transport-wagon-1.6.3.jar
2023-02-01 02:34:41,334 [Worker-129: Launching Executing test in C__Users_aarav_Downloads_hello-world-servlet] INFO  o.eclipse.m2e.core.internal.Bundles - 	Entry: C:\Users\aarav\.p2\pool\plugins\org.eclipse.m2e.maven.runtime_3.8.604.20221130-2149\jars\maven-resolver-util-1.6.3.jar
2023-02-01 02:34:41,334 [Worker-129: Launching Executing test in C__Users_aarav_Downloads_hello-world-servlet] INFO  o.eclipse.m2e.core.internal.Bundles - 	Entry: C:\Users\aarav\.p2\pool\plugins\org.eclipse.m2e.maven.runtime_3.8.604.20221130-2149\jars\maven-settings-3.8.6.jar
2023-02-01 02:34:41,334 [Worker-129: Launching Executing test in C__Users_aarav_Downloads_hello-world-servlet] INFO  o.eclipse.m2e.core.internal.Bundles - 	Entry: C:\Users\aarav\.p2\pool\plugins\org.eclipse.m2e.maven.runtime_3.8.604.20221130-2149\jars\maven-settings-builder-3.8.6.jar
2023-02-01 02:34:41,334 [Worker-129: Launching Executing test in C__Users_aarav_Downloads_hello-world-servlet] INFO  o.eclipse.m2e.core.internal.Bundles - 	Entry: C:\Users\aarav\.p2\pool\plugins\org.eclipse.m2e.maven.runtime_3.8.604.20221130-2149\jars\maven-shared-utils-3.3.4.jar
2023-02-01 02:34:41,334 [Worker-129: Launching Executing test in C__Users_aarav_Downloads_hello-world-servlet] INFO  o.eclipse.m2e.core.internal.Bundles - 	Entry: C:\Users\aarav\.p2\pool\plugins\org.eclipse.m2e.maven.runtime_3.8.604.20221130-2149\jars\okhttp-3.14.1.jar
2023-02-01 02:34:41,334 [Worker-129: Launching Executing test in C__Users_aarav_Downloads_hello-world-servlet] INFO  o.eclipse.m2e.core.internal.Bundles - 	Entry: C:\Users\aarav\.p2\pool\plugins\org.eclipse.m2e.maven.runtime_3.8.604.20221130-2149\jars\okio-1.17.3.jar
2023-02-01 02:34:41,334 [Worker-129: Launching Executing test in C__Users_aarav_Downloads_hello-world-servlet] INFO  o.eclipse.m2e.core.internal.Bundles - 	Entry: C:\Users\aarav\.p2\pool\plugins\org.eclipse.m2e.maven.runtime_3.8.604.20221130-2149\jars\org.eclipse.sisu.inject-0.3.5.jar
2023-02-01 02:34:41,334 [Worker-129: Launching Executing test in C__Users_aarav_Downloads_hello-world-servlet] INFO  o.eclipse.m2e.core.internal.Bundles - 	Entry: C:\Users\aarav\.p2\pool\plugins\org.eclipse.m2e.maven.runtime_3.8.604.20221130-2149\jars\org.eclipse.sisu.plexus-0.3.5.jar
2023-02-01 02:34:41,334 [Worker-129: Launching Executing test in C__Users_aarav_Downloads_hello-world-servlet] INFO  o.eclipse.m2e.core.internal.Bundles - 	Entry: C:\Users\aarav\.p2\pool\plugins\org.eclipse.m2e.maven.runtime_3.8.604.20221130-2149\jars\plexus-build-api-0.0.7.jar
2023-02-01 02:34:41,335 [Worker-129: Launching Executing test in C__Users_aarav_Downloads_hello-world-servlet] INFO  o.eclipse.m2e.core.internal.Bundles - 	Entry: C:\Users\aarav\.p2\pool\plugins\org.eclipse.m2e.maven.runtime_3.8.604.20221130-2149\jars\plexus-cipher-2.0.jar
2023-02-01 02:34:41,335 [Worker-129: Launching Executing test in C__Users_aarav_Downloads_hello-world-servlet] INFO  o.eclipse.m2e.core.internal.Bundles - 	Entry: C:\Users\aarav\.p2\pool\plugins\org.eclipse.m2e.maven.runtime_3.8.604.20221130-2149\jars\plexus-classworlds-2.6.0.jar
2023-02-01 02:34:41,335 [Worker-129: Launching Executing test in C__Users_aarav_Downloads_hello-world-servlet] INFO  o.eclipse.m2e.core.internal.Bundles - 	Entry: C:\Users\aarav\.p2\pool\plugins\org.eclipse.m2e.maven.runtime_3.8.604.20221130-2149\jars\plexus-component-annotations-2.1.0.jar
2023-02-01 02:34:41,335 [Worker-129: Launching Executing test in C__Users_aarav_Downloads_hello-world-servlet] INFO  o.eclipse.m2e.core.internal.Bundles - 	Entry: C:\Users\aarav\.p2\pool\plugins\org.eclipse.m2e.maven.runtime_3.8.604.20221130-2149\jars\plexus-interpolation-1.26.jar
2023-02-01 02:34:41,335 [Worker-129: Launching Executing test in C__Users_aarav_Downloads_hello-world-servlet] INFO  o.eclipse.m2e.core.internal.Bundles - 	Entry: C:\Users\aarav\.p2\pool\plugins\org.eclipse.m2e.maven.runtime_3.8.604.20221130-2149\jars\plexus-sec-dispatcher-2.0.jar
2023-02-01 02:34:41,335 [Worker-129: Launching Executing test in C__Users_aarav_Downloads_hello-world-servlet] INFO  o.eclipse.m2e.core.internal.Bundles - 	Entry: C:\Users\aarav\.p2\pool\plugins\org.eclipse.m2e.maven.runtime_3.8.604.20221130-2149\jars\plexus-utils-3.3.1.jar
2023-02-01 02:34:41,335 [Worker-129: Launching Executing test in C__Users_aarav_Downloads_hello-world-servlet] INFO  o.eclipse.m2e.core.internal.Bundles - 	Entry: C:\Users\aarav\.p2\pool\plugins\org.eclipse.m2e.maven.runtime_3.8.604.20221130-2149\jars\wagon-file-3.5.1.jar
2023-02-01 02:34:41,335 [Worker-129: Launching Executing test in C__Users_aarav_Downloads_hello-world-servlet] INFO  o.eclipse.m2e.core.internal.Bundles - 	Entry: C:\Users\aarav\.p2\pool\plugins\org.eclipse.m2e.maven.runtime_3.8.604.20221130-2149\jars\wagon-provider-api-3.5.1.jar
2023-02-01 02:34:41,336 [Worker-129: Launching Executing test in C__Users_aarav_Downloads_hello-world-servlet] INFO  o.eclipse.m2e.core.internal.Bundles - getClasspathEntries(Bundle=com.google.guava_30.1.0.v20221112-0806 [10])
2023-02-01 02:34:41,337 [Worker-129: Launching Executing test in C__Users_aarav_Downloads_hello-world-servlet] INFO  o.eclipse.m2e.core.internal.Bundles - 	Entry: C:\Users\aarav\.p2\pool\plugins\com.google.guava_30.1.0.v20221112-0806.jar
2023-02-01 02:34:41,337 [Worker-129: Launching Executing test in C__Users_aarav_Downloads_hello-world-servlet] INFO  o.eclipse.m2e.core.internal.Bundles - getClasspathEntries(Bundle=slf4j.api_1.7.36 [915])
2023-02-01 02:34:41,338 [Worker-129: Launching Executing test in C__Users_aarav_Downloads_hello-world-servlet] INFO  o.eclipse.m2e.core.internal.Bundles - 	Entry: C:\Users\aarav\.p2\pool\plugins\slf4j.api_1.7.36.jar
2023-02-01 02:34:41,338 [Worker-129: Launching Executing test in C__Users_aarav_Downloads_hello-world-servlet] INFO  o.eclipse.m2e.core.internal.Bundles - getClasspathEntries(Bundle=javax.inject_1.0.0.v20220405-0441 [32])
2023-02-01 02:34:41,338 [Worker-129: Launching Executing test in C__Users_aarav_Downloads_hello-world-servlet] INFO  o.eclipse.m2e.core.internal.Bundles - 	Entry: C:\Users\aarav\.p2\pool\plugins\javax.inject_1.0.0.v20220405-0441.jar
2023-02-01 02:34:41,338 [Worker-129: Launching Executing test in C__Users_aarav_Downloads_hello-world-servlet] INFO  o.eclipse.m2e.core.internal.Bundles - getClasspathEntries(Bundle=javax.annotation_1.3.5.v20221112-0806 [30])
2023-02-01 02:34:41,339 [Worker-129: Launching Executing test in C__Users_aarav_Downloads_hello-world-servlet] INFO  o.eclipse.m2e.core.internal.Bundles - 	Entry: C:\Users\aarav\.p2\pool\plugins\javax.annotation_1.3.5.v20221112-0806.jar
2023-02-01 02:34:41,341 [Worker-129: Launching Executing test in C__Users_aarav_Downloads_hello-world-servlet] INFO  o.e.m.i.launch.MavenLaunchDelegate - Run build in "C:\Users\aarav\Downloads\hello-world-servlet":
2023-02-01 02:34:41,342 [Worker-129: Launching Executing test in C__Users_aarav_Downloads_hello-world-servlet] INFO  o.e.m.i.launch.MavenLaunchDelegate -  mvn  -B -Dstyle.color=always test
2023-02-01 09:26:04,772 [Worker-2: Loading available Gradle versions] INFO  o.e.b.c.i.u.g.PublishedGradleVersions - Gradle version information cache is up-to-date. Trying to read.
2023-02-01 09:46:52,554 [Worker-1: Loading available Gradle versions] INFO  o.e.b.c.i.u.g.PublishedGradleVersions - Gradle version information cache is up-to-date. Trying to read.
2023-02-01 14:12:57,239 [Worker-57: Update Maven projects configuration] INFO  o.e.m.c.i.p.ProjectConfigurationManager - Update started
2023-02-01 14:12:59,894 [Worker-57: Update Maven projects configuration] INFO  o.e.m.c.i.e.AbstractTransferListenerAdapter - Downloading https://repo.spring.io/snapshot/org/springframework/boot/spring-boot-starter-parent/3.0.3-SNAPSHOT/maven-metadata.xml
2023-02-01 14:13:00,164 [Worker-57: Update Maven projects configuration] INFO  o.e.m.c.i.e.AbstractTransferListenerAdapter - Downloaded https://repo.spring.io/snapshot/org/springframework/boot/spring-boot-starter-parent/3.0.3-SNAPSHOT/maven-metadata.xml
2023-02-01 14:13:00,424 [Worker-57: Update Maven projects configuration] INFO  o.e.m.c.i.e.AbstractTransferListenerAdapter - Downloading https://repo.spring.io/snapshot/org/springframework/boot/spring-boot-starter-parent/3.0.3-SNAPSHOT/spring-boot-starter-parent-3.0.3-20230131.112625-12.pom
2023-02-01 14:13:00,724 [Worker-57: Update Maven projects configuration] INFO  o.e.m.c.i.e.AbstractTransferListenerAdapter - Downloaded https://repo.spring.io/snapshot/org/springframework/boot/spring-boot-starter-parent/3.0.3-SNAPSHOT/spring-boot-starter-parent-3.0.3-20230131.112625-12.pom
2023-02-01 14:13:02,019 [Worker-57: Update Maven projects configuration] INFO  o.e.m.c.i.e.AbstractTransferListenerAdapter - Downloading https://repo.spring.io/snapshot/org/springframework/boot/spring-boot-dependencies/3.0.3-SNAPSHOT/maven-metadata.xml
2023-02-01 14:13:02,306 [Worker-57: Update Maven projects configuration] INFO  o.e.m.c.i.e.AbstractTransferListenerAdapter - Downloaded https://repo.spring.io/snapshot/org/springframework/boot/spring-boot-dependencies/3.0.3-SNAPSHOT/maven-metadata.xml
2023-02-01 14:13:02,559 [Worker-57: Update Maven projects configuration] INFO  o.e.m.c.i.e.AbstractTransferListenerAdapter - Downloading https://repo.spring.io/snapshot/org/springframework/boot/spring-boot-dependencies/3.0.3-SNAPSHOT/spring-boot-dependencies-3.0.3-20230131.112625-12.pom
2023-02-01 14:13:04,415 [Worker-57: Update Maven projects configuration] INFO  o.e.m.c.i.e.AbstractTransferListenerAdapter - Downloaded https://repo.spring.io/snapshot/org/springframework/boot/spring-boot-dependencies/3.0.3-SNAPSHOT/spring-boot-dependencies-3.0.3-20230131.112625-12.pom
2023-02-01 14:13:06,506 [Worker-57: Update Maven projects configuration] INFO  o.e.m.c.i.e.AbstractTransferListenerAdapter - Downloaded https://repo.spring.io/milestone/io/zipkin/brave/brave-bom/5.14.1/brave-bom-5.14.1.pom
2023-02-01 14:13:07,793 [Worker-57: Update Maven projects configuration] INFO  o.e.m.c.i.e.AbstractTransferListenerAdapter - Downloading https://repo.maven.apache.org/maven2/io/zipkin/brave/brave-bom/5.14.1/brave-bom-5.14.1.pom
2023-02-01 14:13:08,197 [Worker-57: Update Maven projects configuration] INFO  o.e.m.c.i.e.AbstractTransferListenerAdapter - Downloaded https://repo.maven.apache.org/maven2/io/zipkin/brave/brave-bom/5.14.1/brave-bom-5.14.1.pom
2023-02-01 14:13:08,488 [Worker-57: Update Maven projects configuration] INFO  o.e.m.c.i.e.AbstractTransferListenerAdapter - Downloaded https://repo.spring.io/milestone/io/zipkin/reporter2/zipkin-reporter-bom/2.16.3/zipkin-reporter-bom-2.16.3.pom
2023-02-01 14:13:08,697 [Worker-57: Update Maven projects configuration] INFO  o.e.m.c.i.e.AbstractTransferListenerAdapter - Downloading https://repo.maven.apache.org/maven2/io/zipkin/reporter2/zipkin-reporter-bom/2.16.3/zipkin-reporter-bom-2.16.3.pom
2023-02-01 14:13:08,922 [Worker-57: Update Maven projects configuration] INFO  o.e.m.c.i.e.AbstractTransferListenerAdapter - Downloaded https://repo.maven.apache.org/maven2/io/zipkin/reporter2/zipkin-reporter-bom/2.16.3/zipkin-reporter-bom-2.16.3.pom
2023-02-01 14:13:10,499 [Worker-57: Update Maven projects configuration] INFO  o.e.m.c.i.e.AbstractTransferListenerAdapter - Downloaded https://repo.spring.io/milestone/com/datastax/oss/java-driver-bom/4.15.0/java-driver-bom-4.15.0.pom
2023-02-01 14:13:10,701 [Worker-57: Update Maven projects configuration] INFO  o.e.m.c.i.e.AbstractTransferListenerAdapter - Downloading https://repo.maven.apache.org/maven2/com/datastax/oss/java-driver-bom/4.15.0/java-driver-bom-4.15.0.pom
2023-02-01 14:13:11,063 [Worker-57: Update Maven projects configuration] INFO  o.e.m.c.i.e.AbstractTransferListenerAdapter - Downloaded https://repo.maven.apache.org/maven2/com/datastax/oss/java-driver-bom/4.15.0/java-driver-bom-4.15.0.pom
2023-02-01 14:13:11,316 [Worker-57: Update Maven projects configuration] INFO  o.e.m.c.i.e.AbstractTransferListenerAdapter - Downloaded https://repo.spring.io/milestone/io/dropwizard/metrics/metrics-bom/4.2.15/metrics-bom-4.2.15.pom
2023-02-01 14:13:11,526 [Worker-57: Update Maven projects configuration] INFO  o.e.m.c.i.e.AbstractTransferListenerAdapter - Downloading https://repo.maven.apache.org/maven2/io/dropwizard/metrics/metrics-bom/4.2.15/metrics-bom-4.2.15.pom
2023-02-01 14:13:12,382 [Worker-57: Update Maven projects configuration] INFO  o.e.m.c.i.e.AbstractTransferListenerAdapter - Downloaded https://repo.maven.apache.org/maven2/io/dropwizard/metrics/metrics-bom/4.2.15/metrics-bom-4.2.15.pom
2023-02-01 14:13:12,613 [Worker-57: Update Maven projects configuration] INFO  o.e.m.c.i.e.AbstractTransferListenerAdapter - Downloaded https://repo.spring.io/milestone/io/dropwizard/metrics/metrics-parent/4.2.15/metrics-parent-4.2.15.pom
2023-02-01 14:13:12,816 [Worker-57: Update Maven projects configuration] INFO  o.e.m.c.i.e.AbstractTransferListenerAdapter - Downloading https://repo.maven.apache.org/maven2/io/dropwizard/metrics/metrics-parent/4.2.15/metrics-parent-4.2.15.pom
2023-02-01 14:13:13,153 [Worker-57: Update Maven projects configuration] INFO  o.e.m.c.i.e.AbstractTransferListenerAdapter - Downloaded https://repo.maven.apache.org/maven2/io/dropwizard/metrics/metrics-parent/4.2.15/metrics-parent-4.2.15.pom
2023-02-01 14:13:13,400 [Worker-57: Update Maven projects configuration] INFO  o.e.m.c.i.e.AbstractTransferListenerAdapter - Downloaded https://repo.spring.io/milestone/org/glassfish/jaxb/jaxb-bom/4.0.1/jaxb-bom-4.0.1.pom
2023-02-01 14:13:13,625 [Worker-57: Update Maven projects configuration] INFO  o.e.m.c.i.e.AbstractTransferListenerAdapter - Downloading https://repo.maven.apache.org/maven2/org/glassfish/jaxb/jaxb-bom/4.0.1/jaxb-bom-4.0.1.pom
2023-02-01 14:13:14,521 [Worker-57: Update Maven projects configuration] INFO  o.e.m.c.i.e.AbstractTransferListenerAdapter - Downloaded https://repo.maven.apache.org/maven2/org/glassfish/jaxb/jaxb-bom/4.0.1/jaxb-bom-4.0.1.pom
2023-02-01 14:13:14,762 [Worker-57: Update Maven projects configuration] INFO  o.e.m.c.i.e.AbstractTransferListenerAdapter - Downloaded https://repo.spring.io/milestone/org/eclipse/ee4j/project/1.0.7/project-1.0.7.pom
2023-02-01 14:13:14,974 [Worker-57: Update Maven projects configuration] INFO  o.e.m.c.i.e.AbstractTransferListenerAdapter - Downloading https://repo.maven.apache.org/maven2/org/eclipse/ee4j/project/1.0.7/project-1.0.7.pom
2023-02-01 14:13:15,301 [Worker-57: Update Maven projects configuration] INFO  o.e.m.c.i.e.AbstractTransferListenerAdapter - Downloaded https://repo.maven.apache.org/maven2/org/eclipse/ee4j/project/1.0.7/project-1.0.7.pom
2023-02-01 14:13:15,544 [Worker-57: Update Maven projects configuration] INFO  o.e.m.c.i.e.AbstractTransferListenerAdapter - Downloaded https://repo.spring.io/milestone/org/apache/groovy/groovy-bom/4.0.7/groovy-bom-4.0.7.pom
2023-02-01 14:13:15,753 [Worker-57: Update Maven projects configuration] INFO  o.e.m.c.i.e.AbstractTransferListenerAdapter - Downloading https://repo.maven.apache.org/maven2/org/apache/groovy/groovy-bom/4.0.7/groovy-bom-4.0.7.pom
2023-02-01 14:13:16,500 [Worker-57: Update Maven projects configuration] INFO  o.e.m.c.i.e.AbstractTransferListenerAdapter - Downloaded https://repo.maven.apache.org/maven2/org/apache/groovy/groovy-bom/4.0.7/groovy-bom-4.0.7.pom
2023-02-01 14:13:16,757 [Worker-57: Update Maven projects configuration] INFO  o.e.m.c.i.e.AbstractTransferListenerAdapter - Downloaded https://repo.spring.io/milestone/org/infinispan/infinispan-bom/14.0.6.Final/infinispan-bom-14.0.6.Final.pom
2023-02-01 14:13:17,221 [Worker-57: Update Maven projects configuration] INFO  o.e.m.c.i.e.AbstractTransferListenerAdapter - Downloading https://repo.maven.apache.org/maven2/org/infinispan/infinispan-bom/14.0.6.Final/infinispan-bom-14.0.6.Final.pom
2023-02-01 14:13:18,059 [Worker-57: Update Maven projects configuration] INFO  o.e.m.c.i.e.AbstractTransferListenerAdapter - Downloaded https://repo.maven.apache.org/maven2/org/infinispan/infinispan-bom/14.0.6.Final/infinispan-bom-14.0.6.Final.pom
2023-02-01 14:13:18,310 [Worker-57: Update Maven projects configuration] INFO  o.e.m.c.i.e.AbstractTransferListenerAdapter - Downloaded https://repo.spring.io/milestone/org/infinispan/infinispan-build-configuration-parent/14.0.6.Final/infinispan-build-configuration-parent-14.0.6.Final.pom
2023-02-01 14:13:18,523 [Worker-57: Update Maven projects configuration] INFO  o.e.m.c.i.e.AbstractTransferListenerAdapter - Downloading https://repo.maven.apache.org/maven2/org/infinispan/infinispan-build-configuration-parent/14.0.6.Final/infinispan-build-configuration-parent-14.0.6.Final.pom
2023-02-01 14:13:19,653 [Worker-57: Update Maven projects configuration] INFO  o.e.m.c.i.e.AbstractTransferListenerAdapter - Downloaded https://repo.maven.apache.org/maven2/org/infinispan/infinispan-build-configuration-parent/14.0.6.Final/infinispan-build-configuration-parent-14.0.6.Final.pom
2023-02-01 14:13:19,906 [Worker-57: Update Maven projects configuration] INFO  o.e.m.c.i.e.AbstractTransferListenerAdapter - Downloaded https://repo.spring.io/milestone/org/jboss/jboss-parent/39/jboss-parent-39.pom
2023-02-01 14:13:20,121 [Worker-57: Update Maven projects configuration] INFO  o.e.m.c.i.e.AbstractTransferListenerAdapter - Downloading https://repo.maven.apache.org/maven2/org/jboss/jboss-parent/39/jboss-parent-39.pom
2023-02-01 14:13:23,934 [Worker-57: Update Maven projects configuration] INFO  o.e.m.c.i.e.AbstractTransferListenerAdapter - Downloaded https://repo.maven.apache.org/maven2/org/jboss/jboss-parent/39/jboss-parent-39.pom
2023-02-01 14:13:24,188 [Worker-57: Update Maven projects configuration] INFO  o.e.m.c.i.e.AbstractTransferListenerAdapter - Downloaded https://repo.spring.io/milestone/com/fasterxml/jackson/jackson-bom/2.14.1/jackson-bom-2.14.1.pom
2023-02-01 14:13:24,402 [Worker-57: Update Maven projects configuration] INFO  o.e.m.c.i.e.AbstractTransferListenerAdapter - Downloading https://repo.maven.apache.org/maven2/com/fasterxml/jackson/jackson-bom/2.14.1/jackson-bom-2.14.1.pom
2023-02-01 14:13:25,229 [Worker-57: Update Maven projects configuration] INFO  o.e.m.c.i.e.AbstractTransferListenerAdapter - Downloaded https://repo.maven.apache.org/maven2/com/fasterxml/jackson/jackson-bom/2.14.1/jackson-bom-2.14.1.pom
2023-02-01 14:13:25,478 [Worker-57: Update Maven projects configuration] INFO  o.e.m.c.i.e.AbstractTransferListenerAdapter - Downloaded https://repo.spring.io/milestone/com/fasterxml/jackson/jackson-parent/2.14/jackson-parent-2.14.pom
2023-02-01 14:13:25,690 [Worker-57: Update Maven projects configuration] INFO  o.e.m.c.i.e.AbstractTransferListenerAdapter - Downloading https://repo.maven.apache.org/maven2/com/fasterxml/jackson/jackson-parent/2.14/jackson-parent-2.14.pom
2023-02-01 14:13:26,043 [Worker-57: Update Maven projects configuration] INFO  o.e.m.c.i.e.AbstractTransferListenerAdapter - Downloaded https://repo.maven.apache.org/maven2/com/fasterxml/jackson/jackson-parent/2.14/jackson-parent-2.14.pom
2023-02-01 14:13:26,980 [Worker-57: Update Maven projects configuration] INFO  o.e.m.c.i.e.AbstractTransferListenerAdapter - Downloaded https://repo.spring.io/milestone/com/fasterxml/oss-parent/48/oss-parent-48.pom
2023-02-01 14:13:27,198 [Worker-57: Update Maven projects configuration] INFO  o.e.m.c.i.e.AbstractTransferListenerAdapter - Downloading https://repo.maven.apache.org/maven2/com/fasterxml/oss-parent/48/oss-parent-48.pom
2023-02-01 14:13:27,991 [Worker-57: Update Maven projects configuration] INFO  o.e.m.c.i.e.AbstractTransferListenerAdapter - Downloaded https://repo.maven.apache.org/maven2/com/fasterxml/oss-parent/48/oss-parent-48.pom
2023-02-01 14:13:28,245 [Worker-57: Update Maven projects configuration] INFO  o.e.m.c.i.e.AbstractTransferListenerAdapter - Downloaded https://repo.spring.io/milestone/org/glassfish/jersey/jersey-bom/3.1.0/jersey-bom-3.1.0.pom
2023-02-01 14:13:28,453 [Worker-57: Update Maven projects configuration] INFO  o.e.m.c.i.e.AbstractTransferListenerAdapter - Downloading https://repo.maven.apache.org/maven2/org/glassfish/jersey/jersey-bom/3.1.0/jersey-bom-3.1.0.pom
2023-02-01 14:13:28,974 [Worker-57: Update Maven projects configuration] INFO  o.e.m.c.i.e.AbstractTransferListenerAdapter - Downloaded https://repo.maven.apache.org/maven2/org/glassfish/jersey/jersey-bom/3.1.0/jersey-bom-3.1.0.pom
2023-02-01 14:13:29,239 [Worker-57: Update Maven projects configuration] INFO  o.e.m.c.i.e.AbstractTransferListenerAdapter - Downloaded https://repo.spring.io/milestone/org/eclipse/jetty/jetty-bom/11.0.13/jetty-bom-11.0.13.pom
2023-02-01 14:13:29,489 [Worker-57: Update Maven projects configuration] INFO  o.e.m.c.i.e.AbstractTransferListenerAdapter - Downloading https://repo.maven.apache.org/maven2/org/eclipse/jetty/jetty-bom/11.0.13/jetty-bom-11.0.13.pom
2023-02-01 14:13:29,990 [Worker-57: Update Maven projects configuration] INFO  o.e.m.c.i.e.AbstractTransferListenerAdapter - Downloaded https://repo.maven.apache.org/maven2/org/eclipse/jetty/jetty-bom/11.0.13/jetty-bom-11.0.13.pom
2023-02-01 14:13:30,245 [Worker-57: Update Maven projects configuration] INFO  o.e.m.c.i.e.AbstractTransferListenerAdapter - Downloaded https://repo.spring.io/milestone/org/junit/junit-bom/5.9.2/junit-bom-5.9.2.pom
2023-02-01 14:13:30,451 [Worker-57: Update Maven projects configuration] INFO  o.e.m.c.i.e.AbstractTransferListenerAdapter - Downloading https://repo.maven.apache.org/maven2/org/junit/junit-bom/5.9.2/junit-bom-5.9.2.pom
2023-02-01 14:13:31,164 [Worker-57: Update Maven projects configuration] INFO  o.e.m.c.i.e.AbstractTransferListenerAdapter - Downloaded https://repo.maven.apache.org/maven2/org/junit/junit-bom/5.9.2/junit-bom-5.9.2.pom
2023-02-01 14:13:31,401 [Worker-57: Update Maven projects configuration] INFO  o.e.m.c.i.e.AbstractTransferListenerAdapter - Downloaded https://repo.spring.io/milestone/org/jetbrains/kotlin/kotlin-bom/1.7.22/kotlin-bom-1.7.22.pom
2023-02-01 14:13:31,612 [Worker-57: Update Maven projects configuration] INFO  o.e.m.c.i.e.AbstractTransferListenerAdapter - Downloading https://repo.maven.apache.org/maven2/org/jetbrains/kotlin/kotlin-bom/1.7.22/kotlin-bom-1.7.22.pom
2023-02-01 14:13:32,151 [Worker-57: Update Maven projects configuration] INFO  o.e.m.c.i.e.AbstractTransferListenerAdapter - Downloaded https://repo.maven.apache.org/maven2/org/jetbrains/kotlin/kotlin-bom/1.7.22/kotlin-bom-1.7.22.pom
2023-02-01 14:13:32,404 [Worker-57: Update Maven projects configuration] INFO  o.e.m.c.i.e.AbstractTransferListenerAdapter - Downloaded https://repo.spring.io/milestone/org/jetbrains/kotlinx/kotlinx-coroutines-bom/1.6.4/kotlinx-coroutines-bom-1.6.4.pom
2023-02-01 14:13:32,611 [Worker-57: Update Maven projects configuration] INFO  o.e.m.c.i.e.AbstractTransferListenerAdapter - Downloading https://repo.maven.apache.org/maven2/org/jetbrains/kotlinx/kotlinx-coroutines-bom/1.6.4/kotlinx-coroutines-bom-1.6.4.pom
2023-02-01 14:13:32,922 [Worker-57: Update Maven projects configuration] INFO  o.e.m.c.i.e.AbstractTransferListenerAdapter - Downloaded https://repo.maven.apache.org/maven2/org/jetbrains/kotlinx/kotlinx-coroutines-bom/1.6.4/kotlinx-coroutines-bom-1.6.4.pom
2023-02-01 14:13:33,174 [Worker-57: Update Maven projects configuration] INFO  o.e.m.c.i.e.AbstractTransferListenerAdapter - Downloaded https://repo.spring.io/milestone/org/apache/logging/log4j/log4j-bom/2.19.0/log4j-bom-2.19.0.pom
2023-02-01 14:13:33,380 [Worker-57: Update Maven projects configuration] INFO  o.e.m.c.i.e.AbstractTransferListenerAdapter - Downloading https://repo.maven.apache.org/maven2/org/apache/logging/log4j/log4j-bom/2.19.0/log4j-bom-2.19.0.pom
2023-02-01 14:13:33,840 [Worker-57: Update Maven projects configuration] INFO  o.e.m.c.i.e.AbstractTransferListenerAdapter - Downloaded https://repo.maven.apache.org/maven2/org/apache/logging/log4j/log4j-bom/2.19.0/log4j-bom-2.19.0.pom
2023-02-01 14:13:34,085 [Worker-57: Update Maven projects configuration] INFO  o.e.m.c.i.e.AbstractTransferListenerAdapter - Downloaded https://repo.spring.io/milestone/org/apache/logging/logging-parent/5/logging-parent-5.pom
2023-02-01 14:13:34,567 [Worker-57: Update Maven projects configuration] INFO  o.e.m.c.i.e.AbstractTransferListenerAdapter - Downloading https://repo.maven.apache.org/maven2/org/apache/logging/logging-parent/5/logging-parent-5.pom
2023-02-01 14:13:35,452 [Worker-57: Update Maven projects configuration] INFO  o.e.m.c.i.e.AbstractTransferListenerAdapter - Downloaded https://repo.maven.apache.org/maven2/org/apache/logging/logging-parent/5/logging-parent-5.pom
2023-02-01 14:13:35,702 [Worker-57: Update Maven projects configuration] INFO  o.e.m.c.i.e.AbstractTransferListenerAdapter - Downloaded https://repo.spring.io/milestone/org/apache/apache/24/apache-24.pom
2023-02-01 14:13:35,911 [Worker-57: Update Maven projects configuration] INFO  o.e.m.c.i.e.AbstractTransferListenerAdapter - Downloading https://repo.maven.apache.org/maven2/org/apache/apache/24/apache-24.pom
2023-02-01 14:13:37,680 [Worker-57: Update Maven projects configuration] INFO  o.e.m.c.i.e.AbstractTransferListenerAdapter - Downloaded https://repo.maven.apache.org/maven2/org/apache/apache/24/apache-24.pom
2023-02-01 14:13:37,940 [Worker-57: Update Maven projects configuration] INFO  o.e.m.c.i.e.AbstractTransferListenerAdapter - Downloaded https://repo.spring.io/milestone/io/micrometer/micrometer-bom/1.10.3/micrometer-bom-1.10.3.pom
2023-02-01 14:13:38,146 [Worker-57: Update Maven projects configuration] INFO  o.e.m.c.i.e.AbstractTransferListenerAdapter - Downloading https://repo.maven.apache.org/maven2/io/micrometer/micrometer-bom/1.10.3/micrometer-bom-1.10.3.pom
2023-02-01 14:13:38,835 [Worker-57: Update Maven projects configuration] INFO  o.e.m.c.i.e.AbstractTransferListenerAdapter - Downloaded https://repo.maven.apache.org/maven2/io/micrometer/micrometer-bom/1.10.3/micrometer-bom-1.10.3.pom
2023-02-01 14:13:39,081 [Worker-57: Update Maven projects configuration] INFO  o.e.m.c.i.e.AbstractTransferListenerAdapter - Downloaded https://repo.spring.io/milestone/io/micrometer/micrometer-tracing-bom/1.0.1/micrometer-tracing-bom-1.0.1.pom
2023-02-01 14:13:39,287 [Worker-57: Update Maven projects configuration] INFO  o.e.m.c.i.e.AbstractTransferListenerAdapter - Downloading https://repo.maven.apache.org/maven2/io/micrometer/micrometer-tracing-bom/1.0.1/micrometer-tracing-bom-1.0.1.pom
2023-02-01 14:13:39,758 [Worker-57: Update Maven projects configuration] INFO  o.e.m.c.i.e.AbstractTransferListenerAdapter - Downloaded https://repo.maven.apache.org/maven2/io/micrometer/micrometer-tracing-bom/1.0.1/micrometer-tracing-bom-1.0.1.pom
2023-02-01 14:13:40,002 [Worker-57: Update Maven projects configuration] INFO  o.e.m.c.i.e.AbstractTransferListenerAdapter - Downloaded https://repo.spring.io/milestone/org/mockito/mockito-bom/4.8.1/mockito-bom-4.8.1.pom
2023-02-01 14:13:40,218 [Worker-57: Update Maven projects configuration] INFO  o.e.m.c.i.e.AbstractTransferListenerAdapter - Downloading https://repo.maven.apache.org/maven2/org/mockito/mockito-bom/4.8.1/mockito-bom-4.8.1.pom
2023-02-01 14:13:40,528 [Worker-57: Update Maven projects configuration] INFO  o.e.m.c.i.e.AbstractTransferListenerAdapter - Downloaded https://repo.maven.apache.org/maven2/org/mockito/mockito-bom/4.8.1/mockito-bom-4.8.1.pom
2023-02-01 14:13:40,767 [Worker-57: Update Maven projects configuration] INFO  o.e.m.c.i.e.AbstractTransferListenerAdapter - Downloaded https://repo.spring.io/milestone/io/netty/netty-bom/4.1.87.Final/netty-bom-4.1.87.Final.pom
2023-02-01 14:13:40,972 [Worker-57: Update Maven projects configuration] INFO  o.e.m.c.i.e.AbstractTransferListenerAdapter - Downloading https://repo.maven.apache.org/maven2/io/netty/netty-bom/4.1.87.Final/netty-bom-4.1.87.Final.pom
2023-02-01 14:13:41,888 [Worker-57: Update Maven projects configuration] INFO  o.e.m.c.i.e.AbstractTransferListenerAdapter - Downloaded https://repo.maven.apache.org/maven2/io/netty/netty-bom/4.1.87.Final/netty-bom-4.1.87.Final.pom
2023-02-01 14:13:42,140 [Worker-57: Update Maven projects configuration] INFO  o.e.m.c.i.e.AbstractTransferListenerAdapter - Downloaded https://repo.spring.io/milestone/org/sonatype/oss/oss-parent/7/oss-parent-7.pom
2023-02-01 14:13:42,350 [Worker-57: Update Maven projects configuration] INFO  o.e.m.c.i.e.AbstractTransferListenerAdapter - Downloading https://repo.maven.apache.org/maven2/org/sonatype/oss/oss-parent/7/oss-parent-7.pom
2023-02-01 14:13:42,823 [Worker-57: Update Maven projects configuration] INFO  o.e.m.c.i.e.AbstractTransferListenerAdapter - Downloaded https://repo.maven.apache.org/maven2/org/sonatype/oss/oss-parent/7/oss-parent-7.pom
2023-02-01 14:13:43,067 [Worker-57: Update Maven projects configuration] INFO  o.e.m.c.i.e.AbstractTransferListenerAdapter - Downloaded https://repo.spring.io/milestone/com/squareup/okhttp3/okhttp-bom/4.10.0/okhttp-bom-4.10.0.pom
2023-02-01 14:13:43,287 [Worker-57: Update Maven projects configuration] INFO  o.e.m.c.i.e.AbstractTransferListenerAdapter - Downloading https://repo.maven.apache.org/maven2/com/squareup/okhttp3/okhttp-bom/4.10.0/okhttp-bom-4.10.0.pom
2023-02-01 14:13:43,591 [Worker-57: Update Maven projects configuration] INFO  o.e.m.c.i.e.AbstractTransferListenerAdapter - Downloaded https://repo.maven.apache.org/maven2/com/squareup/okhttp3/okhttp-bom/4.10.0/okhttp-bom-4.10.0.pom
2023-02-01 14:13:43,830 [Worker-57: Update Maven projects configuration] INFO  o.e.m.c.i.e.AbstractTransferListenerAdapter - Downloaded https://repo.spring.io/milestone/io/opentelemetry/opentelemetry-bom/1.19.0/opentelemetry-bom-1.19.0.pom
2023-02-01 14:13:44,043 [Worker-57: Update Maven projects configuration] INFO  o.e.m.c.i.e.AbstractTransferListenerAdapter - Downloading https://repo.maven.apache.org/maven2/io/opentelemetry/opentelemetry-bom/1.19.0/opentelemetry-bom-1.19.0.pom
2023-02-01 14:13:44,457 [Worker-57: Update Maven projects configuration] INFO  o.e.m.c.i.e.AbstractTransferListenerAdapter - Downloaded https://repo.maven.apache.org/maven2/io/opentelemetry/opentelemetry-bom/1.19.0/opentelemetry-bom-1.19.0.pom
2023-02-01 14:13:44,713 [Worker-57: Update Maven projects configuration] INFO  o.e.m.c.i.e.AbstractTransferListenerAdapter - Downloaded https://repo.spring.io/milestone/com/oracle/database/jdbc/ojdbc-bom/21.7.0.0/ojdbc-bom-21.7.0.0.pom
2023-02-01 14:13:44,926 [Worker-57: Update Maven projects configuration] INFO  o.e.m.c.i.e.AbstractTransferListenerAdapter - Downloading https://repo.maven.apache.org/maven2/com/oracle/database/jdbc/ojdbc-bom/21.7.0.0/ojdbc-bom-21.7.0.0.pom
2023-02-01 14:13:46,324 [Worker-57: Update Maven projects configuration] INFO  o.e.m.c.i.e.AbstractTransferListenerAdapter - Downloaded https://repo.maven.apache.org/maven2/com/oracle/database/jdbc/ojdbc-bom/21.7.0.0/ojdbc-bom-21.7.0.0.pom
2023-02-01 14:13:46,594 [Worker-57: Update Maven projects configuration] INFO  o.e.m.c.i.e.AbstractTransferListenerAdapter - Downloaded https://repo.spring.io/milestone/io/prometheus/simpleclient_bom/0.16.0/simpleclient_bom-0.16.0.pom
2023-02-01 14:13:46,802 [Worker-57: Update Maven projects configuration] INFO  o.e.m.c.i.e.AbstractTransferListenerAdapter - Downloading https://repo.maven.apache.org/maven2/io/prometheus/simpleclient_bom/0.16.0/simpleclient_bom-0.16.0.pom
2023-02-01 14:13:47,352 [Worker-57: Update Maven projects configuration] INFO  o.e.m.c.i.e.AbstractTransferListenerAdapter - Downloaded https://repo.maven.apache.org/maven2/io/prometheus/simpleclient_bom/0.16.0/simpleclient_bom-0.16.0.pom
2023-02-01 14:13:47,594 [Worker-57: Update Maven projects configuration] INFO  o.e.m.c.i.e.AbstractTransferListenerAdapter - Downloaded https://repo.spring.io/milestone/io/prometheus/parent/0.16.0/parent-0.16.0.pom
2023-02-01 14:13:47,799 [Worker-57: Update Maven projects configuration] INFO  o.e.m.c.i.e.AbstractTransferListenerAdapter - Downloading https://repo.maven.apache.org/maven2/io/prometheus/parent/0.16.0/parent-0.16.0.pom
2023-02-01 14:13:48,560 [Worker-57: Update Maven projects configuration] INFO  o.e.m.c.i.e.AbstractTransferListenerAdapter - Downloaded https://repo.maven.apache.org/maven2/io/prometheus/parent/0.16.0/parent-0.16.0.pom
2023-02-01 14:13:48,810 [Worker-57: Update Maven projects configuration] INFO  o.e.m.c.i.e.AbstractTransferListenerAdapter - Downloaded https://repo.spring.io/milestone/com/querydsl/querydsl-bom/5.0.0/querydsl-bom-5.0.0.pom
2023-02-01 14:13:49,017 [Worker-57: Update Maven projects configuration] INFO  o.e.m.c.i.e.AbstractTransferListenerAdapter - Downloading https://repo.maven.apache.org/maven2/com/querydsl/querydsl-bom/5.0.0/querydsl-bom-5.0.0.pom
2023-02-01 14:13:49,426 [Worker-57: Update Maven projects configuration] INFO  o.e.m.c.i.e.AbstractTransferListenerAdapter - Downloaded https://repo.maven.apache.org/maven2/com/querydsl/querydsl-bom/5.0.0/querydsl-bom-5.0.0.pom
2023-02-01 14:13:49,660 [Worker-57: Update Maven projects configuration] INFO  o.e.m.c.i.e.AbstractTransferListenerAdapter - Downloaded https://repo.spring.io/milestone/io/projectreactor/reactor-bom/2022.0.2/reactor-bom-2022.0.2.pom
2023-02-01 14:13:49,871 [Worker-57: Update Maven projects configuration] INFO  o.e.m.c.i.e.AbstractTransferListenerAdapter - Downloading https://repo.maven.apache.org/maven2/io/projectreactor/reactor-bom/2022.0.2/reactor-bom-2022.0.2.pom
2023-02-01 14:13:50,169 [Worker-57: Update Maven projects configuration] INFO  o.e.m.c.i.e.AbstractTransferListenerAdapter - Downloaded https://repo.maven.apache.org/maven2/io/projectreactor/reactor-bom/2022.0.2/reactor-bom-2022.0.2.pom
2023-02-01 14:13:50,411 [Worker-57: Update Maven projects configuration] INFO  o.e.m.c.i.e.AbstractTransferListenerAdapter - Downloaded https://repo.spring.io/milestone/io/rest-assured/rest-assured-bom/5.2.1/rest-assured-bom-5.2.1.pom
2023-02-01 14:13:50,617 [Worker-57: Update Maven projects configuration] INFO  o.e.m.c.i.e.AbstractTransferListenerAdapter - Downloading https://repo.maven.apache.org/maven2/io/rest-assured/rest-assured-bom/5.2.1/rest-assured-bom-5.2.1.pom
2023-02-01 14:13:51,178 [Worker-57: Update Maven projects configuration] INFO  o.e.m.c.i.e.AbstractTransferListenerAdapter - Downloaded https://repo.maven.apache.org/maven2/io/rest-assured/rest-assured-bom/5.2.1/rest-assured-bom-5.2.1.pom
2023-02-01 14:13:51,421 [Worker-57: Update Maven projects configuration] INFO  o.e.m.c.i.e.AbstractTransferListenerAdapter - Downloaded https://repo.spring.io/milestone/io/rsocket/rsocket-bom/1.1.3/rsocket-bom-1.1.3.pom
2023-02-01 14:13:51,635 [Worker-57: Update Maven projects configuration] INFO  o.e.m.c.i.e.AbstractTransferListenerAdapter - Downloading https://repo.maven.apache.org/maven2/io/rsocket/rsocket-bom/1.1.3/rsocket-bom-1.1.3.pom
2023-02-01 14:13:51,875 [Worker-57: Update Maven projects configuration] INFO  o.e.m.c.i.e.AbstractTransferListenerAdapter - Downloaded https://repo.maven.apache.org/maven2/io/rsocket/rsocket-bom/1.1.3/rsocket-bom-1.1.3.pom
2023-02-01 14:13:52,119 [Worker-57: Update Maven projects configuration] INFO  o.e.m.c.i.e.AbstractTransferListenerAdapter - Downloaded https://repo.spring.io/milestone/org/springframework/batch/spring-batch-bom/5.0.0/spring-batch-bom-5.0.0.pom
2023-02-01 14:13:52,329 [Worker-57: Update Maven projects configuration] INFO  o.e.m.c.i.e.AbstractTransferListenerAdapter - Downloading https://repo.maven.apache.org/maven2/org/springframework/batch/spring-batch-bom/5.0.0/spring-batch-bom-5.0.0.pom
2023-02-01 14:13:53,091 [Worker-57: Update Maven projects configuration] INFO  o.e.m.c.i.e.AbstractTransferListenerAdapter - Downloaded https://repo.maven.apache.org/maven2/org/springframework/batch/spring-batch-bom/5.0.0/spring-batch-bom-5.0.0.pom
2023-02-01 14:13:53,376 [Worker-57: Update Maven projects configuration] INFO  o.e.m.c.i.e.AbstractTransferListenerAdapter - Downloaded https://repo.spring.io/milestone/org/springframework/data/spring-data-bom/2022.0.1/spring-data-bom-2022.0.1.pom
2023-02-01 14:13:53,591 [Worker-57: Update Maven projects configuration] INFO  o.e.m.c.i.e.AbstractTransferListenerAdapter - Downloading https://repo.maven.apache.org/maven2/org/springframework/data/spring-data-bom/2022.0.1/spring-data-bom-2022.0.1.pom
2023-02-01 14:13:54,012 [Worker-57: Update Maven projects configuration] INFO  o.e.m.c.i.e.AbstractTransferListenerAdapter - Downloaded https://repo.maven.apache.org/maven2/org/springframework/data/spring-data-bom/2022.0.1/spring-data-bom-2022.0.1.pom
2023-02-01 14:13:54,907 [Worker-57: Update Maven projects configuration] INFO  o.e.m.c.i.e.AbstractTransferListenerAdapter - Downloaded https://repo.spring.io/milestone/org/springframework/spring-framework-bom/6.0.4/spring-framework-bom-6.0.4.pom
2023-02-01 14:13:55,116 [Worker-57: Update Maven projects configuration] INFO  o.e.m.c.i.e.AbstractTransferListenerAdapter - Downloading https://repo.maven.apache.org/maven2/org/springframework/spring-framework-bom/6.0.4/spring-framework-bom-6.0.4.pom
2023-02-01 14:13:55,660 [Worker-57: Update Maven projects configuration] INFO  o.e.m.c.i.e.AbstractTransferListenerAdapter - Downloaded https://repo.maven.apache.org/maven2/org/springframework/spring-framework-bom/6.0.4/spring-framework-bom-6.0.4.pom
2023-02-01 14:13:55,899 [Worker-57: Update Maven projects configuration] INFO  o.e.m.c.i.e.AbstractTransferListenerAdapter - Downloaded https://repo.spring.io/milestone/org/springframework/integration/spring-integration-bom/6.0.2/spring-integration-bom-6.0.2.pom
2023-02-01 14:13:56,107 [Worker-57: Update Maven projects configuration] INFO  o.e.m.c.i.e.AbstractTransferListenerAdapter - Downloading https://repo.maven.apache.org/maven2/org/springframework/integration/spring-integration-bom/6.0.2/spring-integration-bom-6.0.2.pom
2023-02-01 14:13:56,685 [Worker-57: Update Maven projects configuration] INFO  o.e.m.c.i.e.AbstractTransferListenerAdapter - Downloaded https://repo.maven.apache.org/maven2/org/springframework/integration/spring-integration-bom/6.0.2/spring-integration-bom-6.0.2.pom
2023-02-01 14:13:56,923 [Worker-57: Update Maven projects configuration] INFO  o.e.m.c.i.e.AbstractTransferListenerAdapter - Downloaded https://repo.spring.io/milestone/org/springframework/restdocs/spring-restdocs-bom/3.0.0/spring-restdocs-bom-3.0.0.pom
2023-02-01 14:13:57,127 [Worker-57: Update Maven projects configuration] INFO  o.e.m.c.i.e.AbstractTransferListenerAdapter - Downloading https://repo.maven.apache.org/maven2/org/springframework/restdocs/spring-restdocs-bom/3.0.0/spring-restdocs-bom-3.0.0.pom
2023-02-01 14:13:57,412 [Worker-57: Update Maven projects configuration] INFO  o.e.m.c.i.e.AbstractTransferListenerAdapter - Downloaded https://repo.maven.apache.org/maven2/org/springframework/restdocs/spring-restdocs-bom/3.0.0/spring-restdocs-bom-3.0.0.pom
2023-02-01 14:13:57,660 [Worker-57: Update Maven projects configuration] INFO  o.e.m.c.i.e.AbstractTransferListenerAdapter - Downloaded https://repo.spring.io/milestone/org/springframework/security/spring-security-bom/6.0.1/spring-security-bom-6.0.1.pom
2023-02-01 14:13:57,866 [Worker-57: Update Maven projects configuration] INFO  o.e.m.c.i.e.AbstractTransferListenerAdapter - Downloading https://repo.maven.apache.org/maven2/org/springframework/security/spring-security-bom/6.0.1/spring-security-bom-6.0.1.pom
2023-02-01 14:13:58,194 [Worker-57: Update Maven projects configuration] INFO  o.e.m.c.i.e.AbstractTransferListenerAdapter - Downloaded https://repo.maven.apache.org/maven2/org/springframework/security/spring-security-bom/6.0.1/spring-security-bom-6.0.1.pom
2023-02-01 14:13:58,428 [Worker-57: Update Maven projects configuration] INFO  o.e.m.c.i.e.AbstractTransferListenerAdapter - Downloaded https://repo.spring.io/milestone/org/springframework/session/spring-session-bom/3.0.0/spring-session-bom-3.0.0.pom
2023-02-01 14:13:58,634 [Worker-57: Update Maven projects configuration] INFO  o.e.m.c.i.e.AbstractTransferListenerAdapter - Downloading https://repo.maven.apache.org/maven2/org/springframework/session/spring-session-bom/3.0.0/spring-session-bom-3.0.0.pom
2023-02-01 14:13:58,917 [Worker-57: Update Maven projects configuration] INFO  o.e.m.c.i.e.AbstractTransferListenerAdapter - Downloaded https://repo.maven.apache.org/maven2/org/springframework/session/spring-session-bom/3.0.0/spring-session-bom-3.0.0.pom
2023-02-01 14:13:59,151 [Worker-57: Update Maven projects configuration] INFO  o.e.m.c.i.e.AbstractTransferListenerAdapter - Downloaded https://repo.spring.io/milestone/org/springframework/ws/spring-ws-bom/4.0.1/spring-ws-bom-4.0.1.pom
2023-02-01 14:13:59,356 [Worker-57: Update Maven projects configuration] INFO  o.e.m.c.i.e.AbstractTransferListenerAdapter - Downloading https://repo.maven.apache.org/maven2/org/springframework/ws/spring-ws-bom/4.0.1/spring-ws-bom-4.0.1.pom
2023-02-01 14:13:59,656 [Worker-57: Update Maven projects configuration] INFO  o.e.m.c.i.e.AbstractTransferListenerAdapter - Downloaded https://repo.maven.apache.org/maven2/org/springframework/ws/spring-ws-bom/4.0.1/spring-ws-bom-4.0.1.pom
2023-02-01 14:14:00,209 [Worker-57: Update Maven projects configuration] INFO  o.e.m.c.i.e.AbstractTransferListenerAdapter - Downloading https://repo.spring.io/snapshot/org/springframework/boot/spring-boot-maven-plugin/3.0.3-SNAPSHOT/maven-metadata.xml
2023-02-01 14:14:00,497 [Worker-57: Update Maven projects configuration] INFO  o.e.m.c.i.e.AbstractTransferListenerAdapter - Downloaded https://repo.spring.io/snapshot/org/springframework/boot/spring-boot-maven-plugin/3.0.3-SNAPSHOT/maven-metadata.xml
2023-02-01 14:14:00,739 [Worker-57: Update Maven projects configuration] INFO  o.e.m.c.i.e.AbstractTransferListenerAdapter - Downloading https://repo.spring.io/snapshot/org/springframework/boot/spring-boot-maven-plugin/3.0.3-SNAPSHOT/spring-boot-maven-plugin-3.0.3-20230131.112625-12.pom
2023-02-01 14:14:01,017 [Worker-57: Update Maven projects configuration] INFO  o.e.m.c.i.e.AbstractTransferListenerAdapter - Downloaded https://repo.spring.io/snapshot/org/springframework/boot/spring-boot-maven-plugin/3.0.3-SNAPSHOT/spring-boot-maven-plugin-3.0.3-20230131.112625-12.pom
2023-02-01 14:14:01,264 [Worker-57: Update Maven projects configuration] INFO  o.e.m.c.i.e.AbstractTransferListenerAdapter - Downloading https://repo.spring.io/snapshot/org/springframework/boot/spring-boot-maven-plugin/3.0.3-SNAPSHOT/spring-boot-maven-plugin-3.0.3-20230131.112625-12.jar
2023-02-01 14:14:05,169 [Worker-57: Update Maven projects configuration] INFO  o.e.m.c.i.e.AbstractTransferListenerAdapter - Downloaded https://repo.spring.io/snapshot/org/springframework/boot/spring-boot-maven-plugin/3.0.3-SNAPSHOT/spring-boot-maven-plugin-3.0.3-20230131.112625-12.jar
2023-02-01 14:14:05,557 [Worker-57: Update Maven projects configuration] INFO  o.e.m.c.i.e.AbstractTransferListenerAdapter - Downloaded https://repo.spring.io/milestone/org/apache/maven/plugins/maven-clean-plugin/3.2.0/maven-clean-plugin-3.2.0.jar
2023-02-01 14:14:06,386 [Worker-57: Update Maven projects configuration] INFO  o.e.m.c.i.e.AbstractTransferListenerAdapter - Downloading https://repo.maven.apache.org/maven2/org/apache/maven/plugins/maven-clean-plugin/3.2.0/maven-clean-plugin-3.2.0.jar
2023-02-01 14:14:06,400 [Worker-57: Update Maven projects configuration] INFO  o.e.m.c.i.e.AbstractTransferListenerAdapter - Downloaded https://repo.maven.apache.org/maven2/org/apache/maven/plugins/maven-clean-plugin/3.2.0/maven-clean-plugin-3.2.0.jar
2023-02-01 14:14:06,419 [Worker-57: Update Maven projects configuration] INFO  o.e.m.c.i.e.AbstractTransferListenerAdapter - Downloaded https://repo.spring.io/milestone/org/apache/maven/plugins/maven-resources-plugin/3.3.0/maven-resources-plugin-3.3.0.jar
2023-02-01 14:14:06,423 [Worker-57: Update Maven projects configuration] INFO  o.e.m.c.i.e.AbstractTransferListenerAdapter - Downloaded https://repo.maven.apache.org/maven2/org/apache/maven/plugins/maven-resources-plugin/3.3.0/maven-resources-plugin-3.3.0.jar
2023-02-01 14:14:06,429 [Worker-57: Update Maven projects configuration] INFO  o.e.m.c.i.e.AbstractTransferListenerAdapter - Downloaded https://repo.spring.io/milestone/org/apache/maven/plugins/maven-compiler-plugin/3.10.1/maven-compiler-plugin-3.10.1.jar
2023-02-01 14:14:06,433 [Worker-57: Update Maven projects configuration] INFO  o.e.m.c.i.e.AbstractTransferListenerAdapter - Downloaded https://repo.maven.apache.org/maven2/org/apache/maven/plugins/maven-compiler-plugin/3.10.1/maven-compiler-plugin-3.10.1.jar
2023-02-01 14:14:06,443 [Worker-57: Update Maven projects configuration] INFO  o.e.m.c.i.e.AbstractTransferListenerAdapter - Downloaded https://repo.spring.io/milestone/org/apache/maven/plugins/maven-surefire-plugin/2.22.2/maven-surefire-plugin-2.22.2.jar
2023-02-01 14:14:06,445 [Worker-57: Update Maven projects configuration] INFO  o.e.m.c.i.e.AbstractTransferListenerAdapter - Downloaded https://repo.maven.apache.org/maven2/org/apache/maven/plugins/maven-surefire-plugin/2.22.2/maven-surefire-plugin-2.22.2.jar
2023-02-01 14:14:06,449 [Worker-57: Update Maven projects configuration] INFO  o.e.m.c.i.e.AbstractTransferListenerAdapter - Downloaded https://repo.spring.io/milestone/org/apache/maven/plugins/maven-jar-plugin/3.3.0/maven-jar-plugin-3.3.0.jar
2023-02-01 14:14:06,450 [Worker-57: Update Maven projects configuration] INFO  o.e.m.c.i.e.AbstractTransferListenerAdapter - Downloaded https://repo.maven.apache.org/maven2/org/apache/maven/plugins/maven-jar-plugin/3.3.0/maven-jar-plugin-3.3.0.jar
2023-02-01 14:14:06,459 [Worker-57: Update Maven projects configuration] INFO  o.e.m.c.i.e.AbstractTransferListenerAdapter - Downloaded https://repo.spring.io/milestone/org/apache/maven/plugins/maven-install-plugin/3.0.1/maven-install-plugin-3.0.1.jar
2023-02-01 14:14:06,461 [Worker-57: Update Maven projects configuration] INFO  o.e.m.c.i.e.AbstractTransferListenerAdapter - Downloaded https://repo.maven.apache.org/maven2/org/apache/maven/plugins/maven-install-plugin/3.0.1/maven-install-plugin-3.0.1.jar
2023-02-01 14:14:06,466 [Worker-57: Update Maven projects configuration] INFO  o.e.m.c.i.e.AbstractTransferListenerAdapter - Downloaded https://repo.spring.io/milestone/org/apache/maven/plugins/maven-deploy-plugin/3.0.0/maven-deploy-plugin-3.0.0.jar
2023-02-01 14:14:06,466 [Worker-57: Update Maven projects configuration] INFO  o.e.m.c.i.e.AbstractTransferListenerAdapter - Downloaded https://repo.maven.apache.org/maven2/org/apache/maven/plugins/maven-deploy-plugin/3.0.0/maven-deploy-plugin-3.0.0.jar
2023-02-01 14:14:06,527 [Worker-57: Update Maven projects configuration] INFO  o.e.m.c.i.e.AbstractTransferListenerAdapter - Downloaded https://repo.spring.io/milestone/org/apache/maven/plugins/maven-compiler-plugin/3.10.1/maven-compiler-plugin-3.10.1.pom
2023-02-01 14:14:06,530 [Worker-57: Update Maven projects configuration] INFO  o.e.m.c.i.e.AbstractTransferListenerAdapter - Downloaded https://repo.maven.apache.org/maven2/org/apache/maven/plugins/maven-compiler-plugin/3.10.1/maven-compiler-plugin-3.10.1.pom
2023-02-01 14:14:06,551 [Worker-57: Update Maven projects configuration] INFO  o.e.m.c.i.l.LifecycleMappingFactory - Using org.eclipse.m2e.jdt.JarLifecycleMapping lifecycle mapping for MavenProject: com.niet:demo:0.0.1-SNAPSHOT @ C:\Users\aarav\Downloads\demo\pom.xml.
2023-02-01 14:14:06,585 [Worker-57: Update Maven projects configuration] INFO  o.e.m.c.i.e.AbstractTransferListenerAdapter - Downloaded https://repo.spring.io/snapshot/org/springframework/boot/spring-boot-starter/3.0.3-SNAPSHOT/maven-metadata.xml
2023-02-01 14:14:06,587 [Worker-57: Update Maven projects configuration] WARN  o.e.m.c.i.embedder.EclipseLogger - Could not transfer metadata org.springframework.boot:spring-boot-starter:3.0.3-SNAPSHOT/maven-metadata.xml from/to spring-snapshots (https://repo.spring.io/snapshot): The operation was cancelled.
2023-02-01 14:14:06,590 [Worker-57: Update Maven projects configuration] WARN  o.e.m.c.i.embedder.EclipseLogger - org.springframework.boot:spring-boot-starter:3.0.3-SNAPSHOT/maven-metadata.xmlfailed to transfer from https://repo.spring.io/snapshot during a previous attempt. This failure was cached in the local repository and resolution will not be reattempted until the update interval of spring-snapshots has elapsed or updates are forced. Original error: Could not transfer metadata org.springframework.boot:spring-boot-starter:3.0.3-SNAPSHOT/maven-metadata.xml from/to spring-snapshots (https://repo.spring.io/snapshot): The operation was cancelled.
2023-02-01 14:14:06,592 [Worker-57: Update Maven projects configuration] INFO  o.e.m.c.i.e.AbstractTransferListenerAdapter - Downloaded https://repo.spring.io/snapshot/org/springframework/boot/spring-boot-starter/3.0.3-SNAPSHOT/spring-boot-starter-3.0.3-SNAPSHOT.pom
2023-02-01 14:14:06,594 [Worker-57: Update Maven projects configuration] INFO  o.e.m.c.i.e.AbstractTransferListenerAdapter - Downloaded https://repo.spring.io/snapshot/org/springframework/boot/spring-boot-starter-test/3.0.3-SNAPSHOT/maven-metadata.xml
2023-02-01 14:14:06,596 [Worker-57: Update Maven projects configuration] WARN  o.e.m.c.i.embedder.EclipseLogger - Could not transfer metadata org.springframework.boot:spring-boot-starter-test:3.0.3-SNAPSHOT/maven-metadata.xml from/to spring-snapshots (https://repo.spring.io/snapshot): The operation was cancelled.
2023-02-01 14:14:06,598 [Worker-57: Update Maven projects configuration] WARN  o.e.m.c.i.embedder.EclipseLogger - org.springframework.boot:spring-boot-starter-test:3.0.3-SNAPSHOT/maven-metadata.xmlfailed to transfer from https://repo.spring.io/snapshot during a previous attempt. This failure was cached in the local repository and resolution will not be reattempted until the update interval of spring-snapshots has elapsed or updates are forced. Original error: Could not transfer metadata org.springframework.boot:spring-boot-starter-test:3.0.3-SNAPSHOT/maven-metadata.xml from/to spring-snapshots (https://repo.spring.io/snapshot): The operation was cancelled.
2023-02-01 14:14:06,599 [Worker-57: Update Maven projects configuration] INFO  o.e.m.c.i.e.AbstractTransferListenerAdapter - Downloaded https://repo.spring.io/snapshot/org/springframework/boot/spring-boot-starter-test/3.0.3-SNAPSHOT/spring-boot-starter-test-3.0.3-SNAPSHOT.pom
2023-02-01 14:14:06,640 [Worker-57: Update Maven projects configuration] INFO  o.e.m.c.i.e.AbstractTransferListenerAdapter - Downloaded https://repo.spring.io/milestone/org/apache/maven/plugins/maven-resources-plugin/3.3.0/maven-resources-plugin-3.3.0.pom
2023-02-01 14:14:06,643 [Worker-57: Update Maven projects configuration] INFO  o.e.m.c.i.e.AbstractTransferListenerAdapter - Downloaded https://repo.maven.apache.org/maven2/org/apache/maven/plugins/maven-resources-plugin/3.3.0/maven-resources-plugin-3.3.0.pom
2023-02-01 14:14:07,680 [Worker-64: Download sources and javadoc] WARN  o.e.m.c.i.embedder.EclipseLogger - org.springframework.boot:spring-boot-starter:3.0.3-SNAPSHOT/maven-metadata.xmlfailed to transfer from https://repo.spring.io/snapshot during a previous attempt. This failure was cached in the local repository and resolution will not be reattempted until the update interval of spring-snapshots has elapsed or updates are forced. Original error: Could not transfer metadata org.springframework.boot:spring-boot-starter:3.0.3-SNAPSHOT/maven-metadata.xml from/to spring-snapshots (https://repo.spring.io/snapshot): The operation was cancelled.
2023-02-01 14:14:09,213 [Worker-64: Download sources and javadoc] INFO  o.e.m.c.i.e.AbstractTransferListenerAdapter - Downloading https://repo.spring.io/snapshot/org/springframework/boot/spring-boot-starter/3.0.3-SNAPSHOT/spring-boot-starter-3.0.3-SNAPSHOT-sources.jar
2023-02-01 14:14:09,460 [Worker-64: Download sources and javadoc] INFO  o.e.m.c.i.e.AbstractTransferListenerAdapter - Downloaded https://repo.spring.io/snapshot/org/springframework/boot/spring-boot-starter/3.0.3-SNAPSHOT/spring-boot-starter-3.0.3-SNAPSHOT-sources.jar
2023-02-01 14:14:09,465 [Worker-64: Download sources and javadoc] INFO  o.e.m.j.internal.DownloadSourcesJob - Downloaded sources for org.springframework.boot:spring-boot-starter:3.0.3-SNAPSHOT
2023-02-01 14:14:09,476 [Worker-64: Download sources and javadoc] ERROR o.e.m.j.internal.DownloadSourcesJob - Could not download sources for org.springframework.boot:spring-boot-starter-test:3.0.3-SNAPSHOT
org.eclipse.core.runtime.CoreException: Could not resolve artifact org.springframework.boot:spring-boot-starter-test:jar:sources:3.0.3-SNAPSHOT
	at org.eclipse.m2e.core.internal.embedder.MavenImpl.lambda$6(MavenImpl.java:587)
	at org.eclipse.m2e.core.internal.embedder.MavenExecutionContext.executeBare(MavenExecutionContext.java:364)
	at org.eclipse.m2e.core.internal.embedder.MavenExecutionContext.execute(MavenExecutionContext.java:227)
	at org.eclipse.m2e.core.internal.embedder.MavenExecutionContext.execute(MavenExecutionContext.java:213)
	at org.eclipse.m2e.core.internal.embedder.MavenImpl.resolve(MavenImpl.java:556)
	at org.eclipse.m2e.core.internal.embedder.MavenImpl.resolve(MavenImpl.java:541)
	at org.eclipse.m2e.jdt.internal.DownloadSourcesJob.download(DownloadSourcesJob.java:308)
	at org.eclipse.m2e.jdt.internal.DownloadSourcesJob.downloadAttachments(DownloadSourcesJob.java:282)
	at org.eclipse.m2e.jdt.internal.DownloadSourcesJob.downloadFilesAndPopulateToUpdate(DownloadSourcesJob.java:228)
	at org.eclipse.m2e.jdt.internal.DownloadSourcesJob.lambda$0(DownloadSourcesJob.java:149)
	at org.eclipse.m2e.core.internal.embedder.MavenExecutionContext.executeBare(MavenExecutionContext.java:364)
	at org.eclipse.m2e.core.internal.embedder.MavenExecutionContext.execute(MavenExecutionContext.java:274)
	at org.eclipse.m2e.core.internal.embedder.MavenExecutionContext.execute(MavenExecutionContext.java:213)
	at org.eclipse.m2e.core.embedder.IMaven.execute(IMaven.java:294)
	at org.eclipse.m2e.jdt.internal.DownloadSourcesJob.run(DownloadSourcesJob.java:149)
	at org.eclipse.core.internal.jobs.Worker.run(Worker.java:63)
2023-02-01 14:14:09,478 [Worker-64: Download sources and javadoc] WARN  o.e.m.j.internal.DownloadSourcesJob - IPackageFragmentRoot is missing, skipping javadoc/source attachment for project P/demo
2023-02-01 14:14:43,360 [Worker-57: Importing Maven projects] INFO  o.e.m.c.i.l.LifecycleMappingFactory - Using org.eclipse.m2e.jdt.JarLifecycleMapping lifecycle mapping for MavenProject: com.niet:demo:0.0.1-SNAPSHOT @ C:\Users\aarav\Downloads\demo\pom.xml.
2023-02-01 14:14:43,379 [Worker-57: Importing Maven projects] WARN  o.e.m.c.i.embedder.EclipseLogger - org.springframework.boot:spring-boot-starter:3.0.3-SNAPSHOT/maven-metadata.xmlfailed to transfer from https://repo.spring.io/snapshot during a previous attempt. This failure was cached in the local repository and resolution will not be reattempted until the update interval of spring-snapshots has elapsed or updates are forced. Original error: Could not transfer metadata org.springframework.boot:spring-boot-starter:3.0.3-SNAPSHOT/maven-metadata.xml from/to spring-snapshots (https://repo.spring.io/snapshot): The operation was cancelled.
2023-02-01 14:14:43,381 [Worker-57: Importing Maven projects] WARN  o.e.m.c.i.embedder.EclipseLogger - org.springframework.boot:spring-boot-starter:3.0.3-SNAPSHOT/maven-metadata.xmlfailed to transfer from https://repo.spring.io/snapshot during a previous attempt. This failure was cached in the local repository and resolution will not be reattempted until the update interval of spring-snapshots has elapsed or updates are forced. Original error: Could not transfer metadata org.springframework.boot:spring-boot-starter:3.0.3-SNAPSHOT/maven-metadata.xml from/to spring-snapshots (https://repo.spring.io/snapshot): The operation was cancelled.
2023-02-01 14:14:43,383 [Worker-57: Importing Maven projects] WARN  o.e.m.c.i.embedder.EclipseLogger - org.springframework.boot:spring-boot-starter-test:3.0.3-SNAPSHOT/maven-metadata.xmlfailed to transfer from https://repo.spring.io/snapshot during a previous attempt. This failure was cached in the local repository and resolution will not be reattempted until the update interval of spring-snapshots has elapsed or updates are forced. Original error: Could not transfer metadata org.springframework.boot:spring-boot-starter-test:3.0.3-SNAPSHOT/maven-metadata.xml from/to spring-snapshots (https://repo.spring.io/snapshot): The operation was cancelled.
2023-02-01 14:14:43,384 [Worker-57: Importing Maven projects] WARN  o.e.m.c.i.embedder.EclipseLogger - org.springframework.boot:spring-boot-starter-test:3.0.3-SNAPSHOT/maven-metadata.xmlfailed to transfer from https://repo.spring.io/snapshot during a previous attempt. This failure was cached in the local repository and resolution will not be reattempted until the update interval of spring-snapshots has elapsed or updates are forced. Original error: Could not transfer metadata org.springframework.boot:spring-boot-starter-test:3.0.3-SNAPSHOT/maven-metadata.xml from/to spring-snapshots (https://repo.spring.io/snapshot): The operation was cancelled.
2023-02-01 14:14:44,421 [Worker-65: Download sources and javadoc] WARN  o.e.m.c.i.embedder.EclipseLogger - org.springframework.boot:spring-boot-starter-test:3.0.3-SNAPSHOT/maven-metadata.xmlfailed to transfer from https://repo.spring.io/snapshot during a previous attempt. This failure was cached in the local repository and resolution will not be reattempted until the update interval of spring-snapshots has elapsed or updates are forced. Original error: Could not transfer metadata org.springframework.boot:spring-boot-starter-test:3.0.3-SNAPSHOT/maven-metadata.xml from/to spring-snapshots (https://repo.spring.io/snapshot): The operation was cancelled.
2023-02-01 14:14:45,598 [Worker-65: Download sources and javadoc] INFO  o.e.m.c.i.e.AbstractTransferListenerAdapter - Downloading https://repo.spring.io/snapshot/org/springframework/boot/spring-boot-starter-test/3.0.3-SNAPSHOT/spring-boot-starter-test-3.0.3-SNAPSHOT-sources.jar
2023-02-01 14:14:45,869 [Worker-65: Download sources and javadoc] INFO  o.e.m.c.i.e.AbstractTransferListenerAdapter - Downloaded https://repo.spring.io/snapshot/org/springframework/boot/spring-boot-starter-test/3.0.3-SNAPSHOT/spring-boot-starter-test-3.0.3-SNAPSHOT-sources.jar
2023-02-01 14:14:45,880 [Worker-65: Download sources and javadoc] INFO  o.e.m.j.internal.DownloadSourcesJob - Downloaded sources for org.springframework.boot:spring-boot-starter-test:3.0.3-SNAPSHOT
2023-02-01 14:16:45,567 [Worker-57: Importing Maven projects] INFO  o.e.m.c.i.l.LifecycleMappingFactory - Using org.eclipse.m2e.jdt.JarLifecycleMapping lifecycle mapping for MavenProject: com.niet:demo:0.0.1-SNAPSHOT @ C:\Users\aarav\Downloads\demo\pom.xml.
2023-02-01 14:16:45,584 [Worker-57: Importing Maven projects] WARN  o.e.m.c.i.embedder.EclipseLogger - org.springframework.boot:spring-boot-starter:3.0.3-SNAPSHOT/maven-metadata.xmlfailed to transfer from https://repo.spring.io/snapshot during a previous attempt. This failure was cached in the local repository and resolution will not be reattempted until the update interval of spring-snapshots has elapsed or updates are forced. Original error: Could not transfer metadata org.springframework.boot:spring-boot-starter:3.0.3-SNAPSHOT/maven-metadata.xml from/to spring-snapshots (https://repo.spring.io/snapshot): The operation was cancelled.
2023-02-01 14:16:45,587 [Worker-57: Importing Maven projects] WARN  o.e.m.c.i.embedder.EclipseLogger - org.springframework.boot:spring-boot-starter:3.0.3-SNAPSHOT/maven-metadata.xmlfailed to transfer from https://repo.spring.io/snapshot during a previous attempt. This failure was cached in the local repository and resolution will not be reattempted until the update interval of spring-snapshots has elapsed or updates are forced. Original error: Could not transfer metadata org.springframework.boot:spring-boot-starter:3.0.3-SNAPSHOT/maven-metadata.xml from/to spring-snapshots (https://repo.spring.io/snapshot): The operation was cancelled.
2023-02-01 14:16:45,590 [Worker-57: Importing Maven projects] WARN  o.e.m.c.i.embedder.EclipseLogger - org.springframework.boot:spring-boot-starter-test:3.0.3-SNAPSHOT/maven-metadata.xmlfailed to transfer from https://repo.spring.io/snapshot during a previous attempt. This failure was cached in the local repository and resolution will not be reattempted until the update interval of spring-snapshots has elapsed or updates are forced. Original error: Could not transfer metadata org.springframework.boot:spring-boot-starter-test:3.0.3-SNAPSHOT/maven-metadata.xml from/to spring-snapshots (https://repo.spring.io/snapshot): The operation was cancelled.
2023-02-01 14:16:45,592 [Worker-57: Importing Maven projects] WARN  o.e.m.c.i.embedder.EclipseLogger - org.springframework.boot:spring-boot-starter-test:3.0.3-SNAPSHOT/maven-metadata.xmlfailed to transfer from https://repo.spring.io/snapshot during a previous attempt. This failure was cached in the local repository and resolution will not be reattempted until the update interval of spring-snapshots has elapsed or updates are forced. Original error: Could not transfer metadata org.springframework.boot:spring-boot-starter-test:3.0.3-SNAPSHOT/maven-metadata.xml from/to spring-snapshots (https://repo.spring.io/snapshot): The operation was cancelled.
2023-02-02 00:04:01,887 [Worker-4: Loading available Gradle versions] INFO  o.e.b.c.i.u.g.PublishedGradleVersions - Gradle version information cache is up-to-date. Trying to read.
2023-02-02 10:53:32,780 [Worker-4: Loading available Gradle versions] INFO  o.e.b.c.i.u.g.PublishedGradleVersions - Gradle version information cache is up-to-date. Trying to read.
2023-02-02 13:52:36,524 [Worker-5: Loading available Gradle versions] INFO  o.e.b.c.i.u.g.PublishedGradleVersions - Gradle version information cache is up-to-date. Trying to read.
2023-02-02 13:52:57,557 [Worker-3: Loading available Gradle versions] INFO  o.e.b.c.i.u.g.PublishedGradleVersions - Gradle version information cache is up-to-date. Trying to read.
2023-02-02 20:19:44,225 [Worker-3: Loading available Gradle versions] INFO  o.e.b.c.i.u.g.PublishedGradleVersions - Gradle version information cache is up-to-date. Trying to read.
2023-02-03 10:17:00,983 [Worker-2: Loading available Gradle versions] INFO  o.e.b.c.i.u.g.PublishedGradleVersions - Gradle version information cache is up-to-date. Trying to read.
2023-02-03 13:48:55,228 [Worker-7: Loading available Gradle versions] INFO  o.e.b.c.i.u.g.PublishedGradleVersions - Gradle version information cache is up-to-date. Trying to read.
